ling,geo,lang
0.173992,248.69,-1
0.272922,128.315,-1
0.287382,330.512,-1
0.184595,376.459,-1
0.106067,132.899,-1
0.275809,463.411,-1
0.278075,739.313,1
0.170039,200.26,-1
0.201024,442.542,-1
0.244105,219.285,-1
0.18532,562.963,-1
0.282083,1149.63,-1
0.304215,1285.84,-1
0.277735,1021.33,-1
0.297317,1399.92,-1
0.262241,1136.43,-1
0.217664,363.003,-1
0.24241,529.612,-1
0.253978,234.69,-1
0.244302,657.74,-1
0.176768,385.205,-1
0.232296,786.65,-1
0.259225,961.491,-1
0.270817,1100.51,-1
0.262929,833.195,-1
0.271863,1216.6,-1
0.233454,952.224,-1
0.147349,188.153,-1
0.159982,598.53,-1
0.142912,43.1233,-1
0.167277,258.415,-1
0.24265,164.73,-1
0.182559,379.95,-1
0.169973,184.189,-1
0.259461,1184.59,-1
0.204315,398.282,-1
0.237947,996.559,-1
0.232401,361.232,-1
0.245178,560.018,-1
0.243305,238.336,-1
0.249353,691.685,-1
0.177125,337.757,-1
0.219135,804.389,-1
0.10744,86.3175,-1
0.178537,618.08,-1
0.198059,389.969,-1
0.202527,150.533,-1
0.237787,388.47,-1
0.204623,83.1154,-1
0.237945,520.028,-1
0.15402,147.136,-1
0.206982,1028.68,-1
0.118584,252.013,-1
0.167351,841.555,-1
0.162605,169.721,-1
0.121172,225.741,-1
0.275932,485.475,-1
0.31097,733.883,-1
0.261523,445.229,-1
0.289433,858.563,-1
0.226618,298.335,-1
0.25852,1042.06,-1
0.226161,464.713,-1
0.233721,876.419,-1
0.250406,478.671,-1
0.198789,380.464,-1
0.170813,364.532,-1
0.164421,364.998,-1
0.122567,149.132,-1
0.274523,466.889,-1
0.117261,71.7741,-1
0.197469,538.109,-1
0.315171,1434.71,-1
0.273231,676.379,-1
0.305455,1249.56,-1
0.173283,360.327,-1
0.267021,701.954,-1
0.253117,514.009,-1
0.303761,836.25,-1
0.375253,764.484,1
0.210017,25.4664,1
0.292346,732.16,1
0.213177,28.8843,1
0.25905,45.6989,1
0.346465,596.087,1
0.292717,149.724,1
0.347678,173.29,1
0.303475,152.358,1
0.179536,350.819,-1
0.0951236,103.936,-1
0.273123,433.837,-1
0.10041,32.337,-1
0.192602,540.627,-1
0.298305,1367.78,-1
0.259864,625.853,-1
0.275806,1184.36,-1
0.159869,356.792,-1
0.246153,660.675,-1
0.230731,492.333,-1
0.301203,834.726,-1
0.120596,88.8279,-1
0.25355,752.925,-1
0.267654,900.543,-1
0.249976,624.611,-1
0.26743,1020.54,-1
0.230121,745.797,-1
0.197969,396.991,-1
0.173805,389.937,-1
0.125311,209.164,-1
0.227336,787.619,-1
0.174718,409.897,-1
0.176594,632.557,-1
0.252447,695.367,-1
0.299002,1049.63,-1
0.282238,988.201,-1
0.271149,545.289,-1
0.269121,721.082,-1
0.269833,418.365,-1
0.264813,848.592,-1
0.24358,523.378,-1
0.212638,614.694,-1
0.157788,191.577,-1
0.146927,429.11,-1
0.243933,576.779,-1
0.180392,189.996,-1
0.181332,415.416,-1
0.264084,494.061,-1
0.292372,867.954,-1
0.272048,816.586,-1
0.122565,222.727,-1
0.159022,134.024,-1
0.193519,373.193,-1
0.233163,182.069,-1
0.178775,493.567,-1
0.170145,69.5022,-1
0.250133,1154.17,-1
0.167619,382.71,-1
0.224192,967.878,-1
0.15048,114.781,-1
0.15826,349.833,-1
0.14796,130.843,-1
0.233605,366.486,-1
0.211472,469.813,-1
0.190967,471.128,-1
0.227021,759.413,-1
0.217148,539.537,-1
0.308669,228.653,1
0.300884,511.557,1
0.376022,536.596,1
0.281082,505.577,1
0.371598,367.446,1
0.344013,589.627,1
0.311779,152.491,1
0.373819,176.801,1
0.335025,152.407,1
0.172789,14.3652,1
0.357797,361.137,1
0.337893,602.641,1
0.273692,140.407,1
0.355291,164.459,1
0.295308,141.619,1
0.0950852,12.3876,1
0.35624,374.107,1
0.148232,13.242,1
0.332226,742.558,1
0.23813,24.4554,1
0.350539,35.9763,1
0.217797,11.1141,1
0.271553,160.442,1
0.317593,515.771,1
0.282939,161.156,1
0.264306,150.02,1
0.307891,714.83,1
0.126384,25.1297,1
0.210142,49.6922,1
0.195302,37.4115,1
0.250269,124.62,1
0.332592,486.906,1
0.295303,127.403,1
0.252968,115.281,1
0.204205,40.4948,1
0.270271,325.694,1
0.296756,430.242,1
0.330485,454.349,1
0.208764,428.711,1
0.34839,281.29,1
0.186272,107.352,1
0.349389,277.766,1
0.339287,289.904,1
0.341761,438.078,1
0.309916,405.135,1
0.324459,240.611,1
0.301344,500.54,1
0.383192,525.504,1
0.289605,495.03,1
0.377715,355.735,1
0.0742243,13.6449,1
0.372837,349.687,1
0.363219,362.601,1
0.322077,505.148,1
0.33163,475.813,1
0.198339,93.7095,1
0.25769,680.885,-1
0.219008,808.368,-1
0.278831,553.662,-1
0.206297,924.25,-1
0.25362,700.339,-1
0.274181,477.678,-1
0.249465,322.88,-1
0.267843,292.419,-1
0.242419,718.379,-1
0.241189,363.944,-1
0.23623,574.24,-1
0.315669,696.05,-1
0.248757,957.352,-1
0.229847,892,-1
0.254845,112.291,-1
0.26449,201.989,-1
0.195305,704.415,-1
0.249367,633.416,-1
0.262677,805.676,-1
0.255046,506.38,-1
0.255666,931.895,-1
0.226445,606.774,-1
0.183988,529.694,-1
0.138512,277.479,-1
0.129396,346.166,-1
0.22839,664.878,-1
0.151785,277.123,-1
0.156721,502.837,-1
0.257163,550.086,-1
0.290326,953.222,-1
0.265998,899.754,-1
0.0883643,146.64,-1
0.0716439,88.1413,-1
0.200566,625.707,-1
0.241698,166.47,-1
0.325335,1078.59,-1
0.342551,1249.41,-1
0.34473,952.404,-1
0.344676,1373.03,-1
0.304138,1029.71,-1
0.207099,216.311,-1
0.277005,723.869,-1
0.222888,222.627,-1
0.306682,1108.43,-1
0.265438,718.47,-1
0.278263,942.662,-1
0.300567,888.95,-1
0.368336,1397.78,-1
0.357089,1340.73,-1
0.228676,358.988,-1
0.261664,534.285,-1
0.313944,1058.94,-1
0.304553,467.674,-1
0.247644,446.719,-1
0.246252,57.7346,1
0.342657,681.585,1
0.376897,706.752,1
0.318687,674.513,1
0.345326,538.436,1
0.256098,171.052,1
0.369899,531.92,1
0.338019,544.942,1
0.368674,684.894,1
0.332158,657.097,1
0.27715,269.758,1
0.257858,183.163,1
0.302432,1112.52,-1
0.309808,1272.71,-1
0.27984,985.119,-1
0.31001,1393.57,-1
0.270764,1074.82,-1
0.169958,145.887,-1
0.232161,753.109,-1
0.113494,200.27,-1
0.276356,1144.11,-1
0.220062,755.325,-1
0.214689,980.859,-1
0.248282,947.836,-1
0.3268,1421.66,-1
0.319201,1361.23,-1
0.168754,373.12,-1
0.190137,567.388,-1
0.273034,1100.54,-1
0.28579,475.287,-1
0.189597,479.256,-1
0.21012,72.8796,-1
0.215872,216.534,-1
0.253808,464.058,-1
0.214252,172.647,-1
0.248961,592.959,-1
0.153921,100.764,-1
0.209718,1035.88,-1
0.131155,290.182,-1
0.197075,851.497,-1
0.177646,220.71,-1
0.127443,237.603,-1
0.0950458,89.7112,-1
0.195798,276.663,-1
0.248685,579.588,-1
0.2463,566.96,-1
0.198725,645.046,-1
0.204832,422.616,-1
0.166416,131.543,-1
0.249277,601.021,-1
0.183224,506.192,-1
0.278003,932.074,-1
0.238171,975.912,-1
0.241414,309.266,-1
0.255909,465.913,-1
0.25185,182.224,-1
0.259105,593.728,-1
0.173133,358.564,-1
0.21446,842.244,-1
0.0826294,64.0736,-1
0.172011,654.155,-1
0.195868,346.926,-1
0.136561,125.393,-1
0.129597,215.964,-1
0.226653,480.826,-1
0.273334,613.054,-1
0.267194,561.819,-1
0.190879,446.863,-1
0.176212,255.178,-1
0.189667,345.635,-1
0.255436,371.645,-1
0.1454,340.226,-1
0.273848,785.895,-1
0.219057,813.492,-1
0.141447,271.371,-1
0.249121,27.9446,1
0.291259,750.126,1
0.351156,775.15,1
0.249826,743.944,1
0.317077,605.305,1
0.225125,238.571,1
0.32884,599.416,1
0.31689,612.311,1
0.356659,754.202,1
0.280411,725.459,1
0.192868,330.693,1
0.232764,249.737,1
0.203218,72.5699,1
0.323322,280.908,1
0.323329,470.525,1
0.400081,494.955,1
0.29152,467.644,1
0.371539,322.537,1
0.210497,66.0859,1
0.374596,318.154,1
0.361599,330.603,1
0.407395,477.291,1
0.349261,445.491,1
0.226873,44.8619,1
0.204904,52.8771,1
0.269345,224.897,1
0.221521,286.323,1
0.277328,721.872,-1
0.287392,900.394,-1
0.268442,596.12,-1
0.271943,1027.23,-1
0.246022,680.146,-1
0.211997,462.9,-1
0.177936,371.154,-1
0.142047,290.254,-1
0.24854,751.6,-1
0.198737,361.672,-1
0.18141,586.355,-1
0.269186,586.249,-1
0.310183,1047.51,-1
0.280074,995.136,-1
0.124955,135.014,-1
0.121609,179.652,-1
0.236001,704.968,-1
0.269373,212.752,-1
0.101424,96.0569,-1
0.269559,356.841,-1
0.191858,395.578,-1
0.219148,580.738,-1
0.180777,434.531,-1
0.297755,728.838,1
0.145128,12.3278,1
0.227793,37.1463,1
0.20816,21.5768,1
0.301632,141.559,1
0.33015,501.318,1
0.334203,143.473,1
0.302327,131.739,1
0.178341,22.2806,1
0.141119,18.4551,1
0.29252,421.166,1
0.32574,490.413,1
0.330101,671.121,1
0.294282,739.884,1
0.330411,461.081,1
0.222852,49.5163,1
0.317137,689.891,1
0.353025,715.046,1
0.302627,682.896,1
0.345775,546.572,1
0.21319,179.143,1
0.369928,540.117,1
0.339414,553.128,1
0.312671,693.268,1
0.321278,665.385,1
0.262935,277.147,1
0.235527,191.15,1
0.0989197,8.558,1
0.193762,64.0671,1
0.249543,232.297,1
0.306708,679.446,1
0.337676,309.354,1
0.302333,451.63,1
0.371865,475.612,1
0.280967,450.481,1
0.353385,302.412,1
0.178518,99.0759,1
0.368582,299.217,1
0.342106,311.235,1
0.332084,459.776,1
0.314231,426.509,1
0.185817,22.3607,1
0.177762,85.8068,1
0.273041,254.28,1
0.232372,313.096,1
0.239466,32.9956,1
0.312379,442.675,1
0.239784,261.395,1
0.271644,1007.35,-1
0.282316,1166.16,-1
0.268677,879.708,-1
0.29868,1287.15,-1
0.249998,974.786,-1
0.165023,184.196,-1
0.202606,647.142,-1
0.0941838,118.558,-1
0.251581,1039.44,-1
0.200028,651.544,-1
0.193678,877.269,-1
0.247086,862.22,-1
0.316709,1315.1,-1
0.287866,1254.82,-1
0.134698,266.909,-1
0.159489,462.708,-1
0.244992,998.386,-1
0.2722,370.914,-1
0.152104,374.716,-1
0.215579,105.804,-1
0.109226,106.555,-1
0.220738,875.232,-1
0.209617,707.237,-1
0.162915,294.665,-1
0.321667,370.11,1
0.306824,369.225,1
0.353656,394.376,1
0.284057,362.831,1
0.375856,227.621,1
0.164014,142.756,1
0.373087,220.178,1
0.363388,233.32,1
0.3405,373.049,1
0.3177,344.72,1
0.171402,92.5583,1
0.173422,132.503,1
0.268646,312.377,1
0.222632,381.166,1
0.206175,115.048,1
0.314401,358.83,1
0.249642,320.671,1
0.175718,113.003,1
0.333055,733.648,1
0.200381,7.12878,1
0.262849,30.8409,1
0.140557,32.2173,1
0.301188,143.141,1
0.283203,505.757,1
0.341471,146.198,1
0.295008,133.995,1
0.244455,29.8436,1
0.182559,18.8687,1
0.247068,423.888,1
0.287387,494.675,1
0.300255,675.916,1
0.249475,744.314,1
0.283032,464.319,1
0.195174,11.7961,1
0.272763,684.208,1
0.26913,445.228,1
0.264979,363.539,1
0.26168,460.67,-1
0.25188,647.836,-1
0.252341,335.314,-1
0.255559,777.65,-1
0.229597,434.964,-1
0.215277,703.54,-1
0.151203,123.9,-1
0.14558,517.896,-1
0.218498,490.718,-1
0.173083,101.687,-1
0.163109,327.426,-1
0.265446,428.882,-1
0.275307,792.719,-1
0.266198,746.03,-1
0.120251,310.833,-1
0.0818954,88.8565,-1
0.221192,450.751,-1
0.256348,276.768,-1
0.0766798,175.448,-1
0.260857,617.98,-1
0.190593,653.827,-1
0.187415,334.214,-1
0.164237,186.803,-1
0.124122,261.203,-1
0.171895,549.887,-1
0.243975,760.354,-1
0.268646,923.266,-1
0.23302,632.679,-1
0.257885,1046.69,-1
0.220191,735.329,-1
0.18066,401.259,-1
0.140618,400.452,-1
0.11964,220.781,-1
0.211247,792.706,-1
0.161051,406.185,-1
0.138758,631.801,-1
0.232933,659.084,-1
0.288101,1071.8,-1
0.25961,1014.39,-1
0.0853532,66.9822,-1
0.0787774,216.437,-1
0.194625,754.956,-1
0.243553,169.467,-1
0.0447326,129.251,-1
0.248487,326.352,-1
0.181493,352.695,-1
0.182453,634.893,-1
0.154763,461.249,-1
0.0898119,77.248,-1
0.148332,247.03,-1
0.0779647,304.574,-1
0.231063,430.606,-1
0.254752,635.991,-1
0.231003,311.349,-1
0.263102,767.913,-1
0.213643,381.027,-1
0.190439,755.542,-1
0.14842,143.687,-1
0.137103,572.302,-1
0.206143,456.426,-1
0.169796,76.7423,-1
0.147548,288.096,-1
0.250307,362.062,-1
0.277597,776.962,-1
0.257107,737.013,-1
0.108775,368.576,-1
0.0860288,146.808,-1
0.199066,403.941,-1
0.245841,342.704,-1
0.0734765,226.199,-1
0.251492,655.676,-1
0.18578,696.627,-1
0.173731,280.754,-1
0.152623,196.37,-1
0.10902,301.049,-1
0.144971,594.966,-1
0.0652241,67.3193,-1
0.057832,354.339,-1
0.275066,990.758,-1
0.289254,1167.06,-1
0.277255,865.309,-1
0.299465,1292.26,-1
0.239402,938.261,-1
0.2178,274.579,-1
0.198432,639.208,-1
0.140728,209.257,-1
0.25265,1019.81,-1
0.196186,629.924,-1
0.194266,853.224,-1
0.265675,798.507,-1
0.32452,1314.88,-1
0.30069,1260.03,-1
0.131548,290.926,-1
0.172607,448.318,-1
0.239374,968.308,-1
0.289366,402.82,-1
0.149541,361.781,-1
0.220473,91.9827,-1
0.177658,151.153,-1
0.20544,840.935,-1
0.214686,701.984,-1
0.189395,269.225,-1
0.148502,102.719,-1
0.175602,530.18,-1
0.147805,248.189,-1
0.167692,565.654,-1
0.121504,268.817,-1
0.136669,89.3848,-1
0.265069,374.568,-1
0.133236,128.11,-1
0.17681,442.895,-1
0.288013,1360.19,-1
0.228453,591.127,-1
0.27286,1173.68,-1
0.156334,263.882,-1
0.221407,611.558,-1
0.219958,418.381,-1
0.278455,740.689,-1
0.100792,96.562,-1
0.136336,117.096,-1
0.268706,970.793,-1
0.268759,782.274,-1
0.167862,374.213,-1
0.251755,882.584,-1
0.251413,868.6,-1
0.343863,1314.64,-1
0.306203,1341.1,-1
0.218782,483.036,-1
0.242768,528.744,-1
0.282004,961.901,-1
0.283972,1234.62,-1
0.265184,704.609,-1
0.255075,989.62,-1
0.250266,685.711,-1
0.291362,1230.33,-1
0.265336,265.538,1
0.287927,479.942,1
0.331676,504.652,1
0.2306,475.807,1
0.367044,333.303,1
0.189131,44.3123,1
0.377385,328.09,1
0.364997,340.791,1
0.304135,485.687,1
0.300133,455.029,1
0.169344,63.4589,1
0.188514,30.8147,1
0.305972,208.726,1
0.233491,272.644,1
0.221712,22.4846,1
0.307029,470.161,1
0.267972,216.415,1
0.220673,55.1327,1
0.2047,116.741,1
0.245318,473.893,1
0.227604,175.931,-1
0.245266,378.946,-1
0.195531,50.5774,-1
0.240984,511.754,-1
0.184617,227.206,-1
0.23635,975.365,-1
0.131176,189.401,-1
0.193365,787.353,-1
0.195226,209.224,-1
0.138076,187.821,-1
0.119524,80.0776,-1
0.206356,419.194,-1
0.247544,516.886,-1
0.245253,481.765,-1
0.192584,578.395,-1
0.200912,369.389,-1
0.161887,204.53,-1
0.254087,511.225,-1
0.198077,457.504,-1
0.288037,903.011,-1
0.234724,936.594,-1
0.112912,158.928,-1
0.147611,142.954,-1
0.210862,546.48,-1
0.221454,831.451,-1
0.177285,285.426,-1
0.181886,584.48,-1
0.173847,260.826,-1
0.220739,815.583,-1
0.234699,424.957,-1
0.257912,1051.66,-1
0.276892,1199.25,-1
0.259812,923.456,-1
0.2955,1317.09,-1
0.227344,1029.8,-1
0.14339,113.02,-1
0.191735,689.144,-1
0.101067,105.055,-1
0.218627,1085.32,-1
0.181238,700.983,-1
0.160024,926.337,-1
0.221479,929.264,-1
0.3039,1348.38,-1
0.284026,1284.8,-1
0.135704,300.366,-1
0.148536,511.004,-1
0.227045,1050.06,-1
0.250544,393.357,-1
0.129666,424.355,-1
0.210161,143.602,-1
0.125959,100.212,-1
0.193544,929.57,-1
0.187388,747.036,-1
0.159098,352.571,-1
0.119738,73.9347,-1
0.134668,599.504,-1
0.123208,295.116,-1
0.118827,648.826,-1
0.176317,173.2,-1
0.273762,1270.72,-1
0.195805,876.333,-1
0.303763,265.682,1
0.28921,482.911,1
0.325549,507.489,1
0.237817,479.375,1
0.367513,335.549,1
0.186941,50.4973,1
0.390031,330.752,1
0.353815,343.334,1
0.30778,489.148,1
0.29565,457.933,1
0.160347,60.6156,1
0.18525,37.6962,1
0.275554,209.387,1
0.207593,271.724,1
0.194704,16.2127,1
0.267352,473.292,1
0.242712,216.881,1
0.192589,48.9463,1
0.188764,122.639,1
0.229608,476.784,1
0.143203,10.5469,1
0.239518,369.478,-1
0.249704,576.807,-1
0.233579,250.594,-1
0.255239,709.078,-1
0.178441,329.044,-1
0.216804,808.482,-1
0.126938,116.026,-1
0.177023,623.436,-1
0.199251,395.661,-1
0.0384052,29.9282,-1
0.123496,227.992,-1
0.191364,352.886,-1
0.264915,716.796,-1
0.253201,678.412,-1
0.169985,416.773,-1
0.191344,194.384,-1
0.179243,346.968,-1
0.241833,378.251,-1
0.163433,279.074,-1
0.260467,714.799,-1
0.21937,754.178,-1
0.126242,228.283,-1
0.136454,153.829,-1
0.199451,358.938,-1
0.189553,651.525,-1
0.185072,105.964,-1
0.161223,408.247,-1
0.166082,61.1537,-1
0.203726,625.237,-1
0.230264,625.119,-1
0.14083,200.162,-1
0.179277,703.35,-1
0.28793,314.885,1
0.303417,438.781,1
0.350963,463.02,1
0.234191,436.734,1
0.371083,290.174,1
0.164936,96.0323,1
0.376718,286.293,1
0.343381,298.564,1
0.297087,446.208,1
0.310609,413.696,1
0.1103,11.3441,1
0.157995,82.3921,1
0.278232,258.796,1
0.211448,320.217,1
0.218738,33.9834,1
0.305186,429.559,1
0.237769,266.233,1
0.200852,19.1803,1
0.160108,94.107,1
0.258458,432.483,1
0.198254,52.1157,1
0.16376,49.4859,1
0.316094,1104.05,-1
0.329262,1240.73,-1
0.329906,975.75,-1
0.333865,1355.22,-1
0.301735,1091.81,-1
0.192579,45.5975,-1
0.263326,741.078,-1
0.200582,142.563,-1
0.299588,1139.05,-1
0.263097,759.255,-1
0.269723,983.374,-1
0.317653,1001.53,-1
0.360636,1389.65,-1
0.334875,1323.06,-1
0.210853,351.482,-1
0.239269,569.678,-1
0.31064,1109.07,-1
0.330388,432.45,-1
0.233756,485.039,-1
0.200709,203.104,-1
0.214452,139.811,-1
0.28146,991.211,-1
0.259332,796.648,-1
0.249338,420.095,-1
0.184734,150.914,-1
0.259492,658.534,-1
0.236537,356.971,-1
0.239204,711.057,-1
0.240175,248.073,-1
0.336387,1314.86,-1
0.272798,929.829,-1
0.203778,77.0272,-1
0.255096,763.626,-1
0.341351,258.18,1
0.331905,488.153,1
0.389385,512.837,1
0.299145,484.119,1
0.369511,341.347,1
0.178869,40.7245,1
0.399147,336.23,1
0.361333,348.906,1
0.320627,493.983,1
0.326287,463.226,1
0.248774,69.2359,1
0.177134,27.996,1
0.295308,201.57,1
0.262801,264.904,1
0.208365,25.6688,1
0.344597,478.402,1
0.248611,209.178,1
0.205073,58.5942,1
0.211221,125.172,1
0.29807,482.088,1
0.188343,8.43951,1
0.18543,9.77289,1
0.24296,57.9659,1
0.212757,263.385,-1
0.245525,403.457,-1
0.23736,143.379,-1
0.239015,530.542,-1
0.165107,345.891,-1
0.219777,896.695,-1
0.0886468,127.605,-1
0.180126,708.982,-1
0.173489,303.751,-1
0.121694,180.68,-1
0.097744,198.782,-1
0.20495,507.841,-1
0.258719,551.193,-1
0.242213,498.569,-1
0.180462,503.495,-1
0.153374,318.068,-1
0.146078,321.091,-1
0.235335,421.958,-1
0.138447,402.219,-1
0.283595,846.787,-1
0.241296,872.677,-1
0.110824,270.813,-1
0.0900902,63.5903,-1
0.174341,497.047,-1
0.206142,766.23,-1
0.15138,250.18,-1
0.134198,521.259,-1
0.136542,255.249,-1
0.208955,763.716,-1
0.221538,468.461,-1
0.135227,118.826,-1
0.18304,803.84,-1
0.138916,206.627,-1
0.275202,851.146,-1
0.244126,480.735,-1
0.258104,675.675,-1
0.244799,357.724,-1
0.260123,806.329,-1
0.22137,440.201,-1
0.204798,696.238,-1
0.162796,157.562,-1
0.153773,512.76,-1
0.209722,508.739,-1
0.172791,119.616,-1
0.160041,342.288,-1
0.259398,409.337,-1
0.272512,819.304,-1
0.250676,774.917,-1
0.119398,309.233,-1
0.0844519,88.6375,-1
0.203789,461.325,-1
0.241292,288.438,-1
0.0715741,166.711,-1
0.26805,600.382,-1
0.194793,639.494,-1
0.179153,339.741,-1
0.149223,219.085,-1
0.118568,244.245,-1
0.154794,537.063,-1
0.0764108,36.426,-1
0.079956,295.153,-1
0.0583461,59.5627,-1
0.185764,511.185,-1
0.240976,729.913,-1
0.184615,307.288,-1
0.131208,589.932,-1
0.178655,114.707,-1
0.248844,651.682,-1
0.134589,281.893,-1
0.240779,87.3503,-1
0.237683,221.2,-1
0.219227,109.338,-1
0.234597,354.095,-1
0.170749,271.324,-1
0.216325,1103.72,-1
0.140687,323.814,-1
0.180591,915.905,-1
0.185992,128.723,-1
0.138588,342.414,-1
0.109145,174.967,-1
0.205814,536.396,-1
0.234604,359.645,-1
0.232763,324.51,-1
0.196445,709.641,-1
0.216276,513.902,-1
0.173487,211.641,-1
0.240464,628.888,-1
0.189982,600.91,-1
0.279478,1047.56,-1
0.222225,1076.55,-1
0.117502,259.818,-1
0.13618,263.23,-1
0.214827,693.323,-1
0.211272,970.375,-1
0.19614,435.089,-1
0.186043,724.061,-1
0.185167,417.326,-1
0.217759,962.219,-1
0.223171,269.6,-1
0.114566,158.023,-1
0.19383,1009.97,-1
0.124864,357.293,-1
0.267392,1058.16,-1
0.140128,207.122,-1
0.20042,460.379,-1
0.264273,888.75,-1
0.274608,1049.79,-1
0.262039,761.136,-1
0.289702,1171.97,-1
0.232668,858.706,-1
0.188013,283.453,-1
0.185837,528.825,-1
0.125746,126.565,-1
0.23749,920.868,-1
0.184874,533.302,-1
0.168147,759.043,-1
0.256173,760.081,-1
0.312359,1198.57,-1
0.286082,1139.64,-1
0.12055,155.91,-1
0.148152,344.189,-1
0.234707,880.87,-1
0.258513,266.095,-1
0.129832,256.287,-1
0.219958,203.262,-1
0.164991,224.288,-1
0.184014,758.766,-1
0.194062,589.284,-1
0.144848,180.155,-1
0.118574,118.602,-1
0.15575,431.618,-1
0.133697,128.48,-1
0.132601,478.111,-1
0.113905,138.997,-1
0.278802,1117.23,-1
0.191028,712.85,-1
0.137839,172.43,-1
0.173627,533.905,-1
0.226459,241.671,-1
0.187567,648.772,-1
0.1457,419.726,-1
0.194154,852.285,-1
0.25311,621.969,-1
0.268275,784.705,-1
0.233318,493.996,-1
0.261887,909.192,-1
0.217418,608.154,-1
0.186614,531.789,-1
0.183091,261.014,-1
0.13993,345.191,-1
0.225169,655.144,-1
0.160124,272.889,-1
0.163169,496.935,-1
0.239664,570.857,-1
0.281474,932.997,-1
0.261246,876.942,-1
0.101496,137.663,-1
0.115813,85.211,-1
0.21288,622.697,-1
0.227286,132.406,-1
0.102421,40.0245,-1
0.243833,464.784,-1
0.170808,492.104,-1
0.184089,507.398,-1
0.191799,321.74,-1
0.12531,126.754,-1
0.148901,386.147,-1
0.117701,173.199,-1
0.0962981,139.537,-1
0.0949088,231.743,-1
0.15814,383.135,-1
0.251978,850.257,-1
0.182953,446.326,-1
0.129237,430.245,-1
0.155549,279.118,-1
0.235603,486.546,-1
0.182094,382.062,-1
0.114119,172.86,-1
0.180423,584.531,-1
0.117172,267.817,-1
0.248782,154.787,1
0.28276,587.862,1
0.344771,612.823,1
0.290292,582.223,1
0.336066,442.784,1
0.20876,76.7826,1
0.341974,436.917,1
0.326286,449.798,1
0.353682,592.377,1
0.28358,563.133,1
0.237059,171.385,1
0.213371,87.3219,1
0.21129,98.3753,1
0.174447,162.525,1
0.22469,126.523,1
0.284171,577.725,1
0.202795,105.843,1
0.227801,156.266,1
0.200458,219.465,1
0.264384,581.995,1
0.23379,110.777,1
0.212,111.04,1
0.205198,160.423,1
0.237992,103.397,1
0.268589,501.274,-1
0.262567,690.392,-1
0.264233,376.716,-1
0.252781,820.2,-1
0.234426,466.578,-1
0.214009,669.925,-1
0.154394,165.416,-1
0.147032,485.895,-1
0.239052,530.432,-1
0.170445,140.464,-1
0.167867,365.371,-1
0.277327,435.172,-1
0.285687,835.192,-1
0.270719,788.57,-1
0.124141,281.714,-1
0.0732912,60.9422,-1
0.219338,486.188,-1
0.253556,261.585,-1
0.0600593,140.232,-1
0.269617,578.008,-1
0.191781,615.56,-1
0.19401,365.968,-1
0.157163,228.822,-1
0.117453,221.235,-1
0.176246,512.466,-1
0.0515095,42.561,-1
0.0821144,269.183,-1
0.0859703,86.8657,-1
0.175711,489.555,-1
0.264731,746.886,-1
0.19329,326.591,-1
0.153629,564.223,-1
0.186129,139.228,-1
0.259917,625.245,-1
0.141479,292.317,-1
0.0696663,27.7651,-1
0.205545,477.318,-1
0.153698,394.707,-1
0.11925,145.13,-1
0.234093,145.881,-1
0.258473,242.033,-1
0.237956,114.298,-1
0.262018,372.07,-1
0.179504,313.623,-1
0.237778,1057.5,-1
0.126493,287.965,-1
0.196117,870.303,-1
0.187261,188.331,-1
0.147498,320.41,-1
0.122309,194.981,-1
0.212482,559.073,-1
0.264028,388.435,-1
0.260641,340.715,-1
0.206687,666.17,-1
0.201524,479.542,-1
0.203925,260.132,-1
0.249527,580.73,-1
0.169019,564.877,-1
0.275065,1010.15,-1
0.226575,1036.1,-1
0.131959,284.424,-1
0.10433,224.656,-1
0.195925,659.075,-1
0.212722,929.625,-1
0.180859,405.894,-1
0.16503,684.755,-1
0.167944,396.999,-1
0.21453,926.615,-1
0.241825,304.999,-1
0.154532,151.598,-1
0.18986,966.343,-1
0.13783,339.458,-1
0.277994,1012.04,-1
0.11584,163.503,-1
0.16271,434.26,-1
0.13516,60.8498,-1
0.18632,812.257,-1
0.187374,545.506,-1
0.173604,448.455,-1
0.292923,908.722,-1
0.313081,1048.11,-1
0.28966,780.437,-1
0.320051,1164.69,-1
0.264168,901.477,-1
0.147643,240.991,-1
0.226906,545.796,-1
0.117448,52.8983,-1
0.272232,943.906,-1
0.216026,566.498,-1
0.223738,789.466,-1
0.254111,833.184,-1
0.331001,1197.19,-1
0.316893,1132.44,-1
0.182583,156.908,-1
0.190148,378.116,-1
0.273114,916.178,-1
0.273305,240.46,-1
0.18466,296.611,-1
0.194991,253.387,-1
0.11383,242.738,-1
0.231133,800.718,-1
0.207281,601.274,-1
0.190231,247.599,-1
0.108322,147.807,-1
0.203634,466.749,-1
0.184341,174.475,-1
0.175548,522.311,-1
0.200191,220.999,-1
0.306285,1120.99,-1
0.233703,734.72,-1
0.108718,153.622,-1
0.206362,572.497,-1
0.199424,195.394,-1
0.228275,656.099,-1
0.187591,462.75,-1
0.225082,863.011,-1
0.15557,106.157,-1
0.178387,293.711,-1
0.21471,435.652,-1
0.227369,817.496,-1
0.20484,146.261,-1
0.243048,392.232,-1
0.203847,110.876,-1
0.238779,521.917,-1
0.133929,112.27,-1
0.206005,1056.98,-1
0.123244,284.825,-1
0.184875,870.339,-1
0.168671,156.536,-1
0.114725,252.696,-1
0.0514538,35.3456,-1
0.167327,348.54,-1
0.247364,511.018,-1
0.240996,495.449,-1
0.185475,661.647,-1
0.188592,442.677,-1
0.144306,98.3592,-1
0.235777,606.113,-1
0.171529,529.447,-1
0.268964,966.22,-1
0.219393,1006.04,-1
0.0712882,72.54,-1
0.122739,250.827,-1
0.194637,610.796,-1
0.203525,903.138,-1
0.179251,354.104,-1
0.156772,658.652,-1
0.153417,310.565,-1
0.200996,876.19,-1
0.217393,414.647,-1
0.118858,115.107,-1
0.163263,953.604,-1
0.103207,251.881,-1
0.266978,1011.79,-1
0.10907,233.919,-1
0.16826,366.588,-1
0.102446,187.956,-1
0.163864,785.235,-1
0.15725,525.265,-1
0.190252,390.678,-1
0.11504,216.813,-1
0.218688,818.492,-1
0.121665,123.163,-1
0.1659,173.956,-1
0.259273,247.365,-1
0.165057,281.9,-1
0.187548,283.055,-1
0.285246,1265,-1
0.242371,480.036,-1
0.281911,1076.91,-1
0.161324,106.756,-1
0.217553,483.655,-1
0.227131,272.022,-1
0.273948,580.882,-1
0.125455,255.501,-1
0.140459,262.256,-1
0.273416,869.296,-1
0.27742,665.724,-1
0.143554,214.395,-1
0.256641,792.167,-1
0.260408,753.714,-1
0.345055,1199.74,-1
0.313007,1232.23,-1
0.215678,327.459,-1
0.245737,422.759,-1
0.29571,843.323,-1
0.289206,1126.63,-1
0.272283,582.275,-1
0.264141,879.633,-1
0.258611,553.678,-1
0.28989,1112.44,-1
0.105649,159.854,-1
0.231171,296.857,-1
0.275258,1169.07,-1
0.22584,492.534,-1
0.334422,1219.41,-1
0.23191,370.357,-1
0.254105,603.256,-1
0.209098,165.179,-1
0.284555,1008.11,-1
0.257635,740.608,-1
0.284482,623.287,-1
0.258387,221.416,-1
0.305632,1024.03,-1
0.212578,262.399,-1
0.253554,397.136,-1
0.255079,585.78,-1
0.265915,271.546,-1
0.254494,716.227,-1
0.21722,381.234,-1
0.207038,762.59,-1
0.145267,74.2329,-1
0.139357,575.867,-1
0.217138,427.718,-1
0.153583,43.5391,-1
0.16279,266.322,-1
0.263718,412.199,-1
0.27744,729.962,-1
0.25664,684.778,-1
0.127584,367.313,-1
0.0943764,149.39,-1
0.205074,392.104,-1
0.251172,320.519,-1
0.0818964,237.305,-1
0.253963,681.458,-1
0.181119,716.429,-1
0.191563,281.136,-1
0.150111,130.978,-1
0.135329,324.795,-1
0.174373,612.017,-1
0.0645483,63.7729,-1
0.0891148,365.803,-1
0.096265,69.7963,-1
0.169488,593.873,-1
0.257419,641.328,-1
0.187356,221.711,-1
0.150131,660.048,-1
0.176883,61.5953,-1
0.248739,717.359,-1
0.132544,192.745,-1
0.0822381,90.1948,-1
0.198857,371.74,-1
0.150957,493.542,-1
0.12951,230.812,-1
0.0597851,105.614,-1
0.175138,344.175,-1
0.202564,524.082,-1
0.184851,294.477,-1
0.269426,518.567,-1
0.300702,1132.75,-1
0.300782,1294.04,-1
0.292869,1005.47,-1
0.310522,1415.1,-1
0.28143,1093.19,-1
0.204128,152.021,-1
0.250702,773.789,-1
0.146349,221.634,-1
0.28115,1164.1,-1
0.228193,775.031,-1
0.23612,1000.44,-1
0.247373,962.375,-1
0.332046,1442.96,-1
0.320016,1382.76,-1
0.170402,394.744,-1
0.198542,587.503,-1
0.27922,1119.58,-1
0.309636,497.207,-1
0.207487,499.362,-1
0.224183,78.3382,-1
0.104689,21.9776,-1
0.251231,994.506,-1
0.266291,834.363,-1
0.200338,414.654,-1
0.130203,127.952,-1
0.215205,673.627,-1
0.194356,373.336,-1
0.200734,715.639,-1
0.178324,164.087,-1
0.311812,1362.18,-1
0.243449,956.821,-1
0.161207,120.169,-1
0.227971,773.488,-1
0.223241,152.091,-1
0.246764,893.727,-1
0.214771,658.782,-1
0.250365,1097.34,-1
0.178387,245.079,-1
0.204709,512.829,-1
0.212696,635.079,-1
0.258494,1057.18,-1
0.148745,264.602,-1
0.237941,1025.37,-1
0.317285,1252.65,-1
0.204691,736.387,-1
0.211661,308.857,-1
0.248512,547.286,-1
0.212364,223.912,-1
0.236225,679.279,-1
0.151828,207.451,-1
0.221578,932.582,-1
0.112195,230.332,-1
0.177681,750.355,-1
0.182336,321.953,-1
0.106116,155.773,-1
0.0968912,159.607,-1
0.186691,245.722,-1
0.263899,673.381,-1
0.248118,651.219,-1
0.166749,546.934,-1
0.191441,324.649,-1
0.155459,242.99,-1
0.255724,514.385,-1
0.169476,404.198,-1
0.258449,822.26,-1
0.217864,867.676,-1
0.0950776,111.8,-1
0.14958,236.717,-1
0.198798,473.649,-1
0.201377,768.279,-1
0.165811,239.149,-1
0.158002,531.4,-1
0.155749,178.414,-1
0.195431,730.844,-1
0.225966,577.509,-1
0.10465,185.843,-1
0.17517,824.683,-1
0.115887,136.497,-1
0.263744,888.37,-1
0.124408,262.433,-1
0.176768,237.925,-1
0.127317,329.741,-1
0.180486,652.946,-1
0.167493,409.817,-1
0.185201,265.266,-1
0.14409,336.035,-1
0.214696,700.612,-1
0.0961389,165.419,-1
0.225932,427.635,-1
0.173563,196.859,-1
0.22358,885.916,-1
0.176332,34.3507,1
0.307056,704.975,1
0.368581,730.151,1
0.299992,697.811,1
0.373967,561.892,1
0.251785,194.505,1
0.387153,555.367,1
0.367057,568.392,1
0.335807,708.208,1
0.326944,680.501,1
0.247373,292.717,1
0.283639,206.589,1
0.158718,23.4562,1
0.190492,52.1529,1
0.255634,247.869,1
0.291419,694.492,1
0.106547,15.5744,1
0.29406,276.918,1
0.268435,335.782,1
0.284344,699.316,1
0.249487,231.971,1
0.230719,232.456,1
0.264752,281.806,1
0.288681,224.746,1
0.19026,121.417,1
0.351821,721.375,1
0.26125,18.0095,1
0.287674,43.1643,1
0.198549,31.166,1
0.328131,132.032,1
0.253428,493.576,1
0.354973,134.553,1
0.335421,122.547,1
0.287433,33.1907,1
0.233242,7.68025,1
0.240237,412.317,1
0.258933,482.545,1
0.301215,663.646,1
0.255287,732.143,1
0.25772,452.539,1
0.262334,10.9497,1
0.297937,671.946,1
0.256382,433.733,1
0.226944,351.276,1
0.197119,12.5611,1
0.280784,461.933,1
0.274517,464.91,1
0.269505,420.827,1
0.2764,470.145,1
0.265243,569.867,1
0.309194,687.039,1
0.28549,1118.2,-1
0.296714,1304.63,-1
0.300871,995.18,-1
0.304175,1431.62,-1
0.268739,1049.05,-1
0.191831,321.867,-1
0.22374,775.105,-1
0.130648,334.538,-1
0.265815,1144.79,-1
0.221923,757.321,-1
0.238536,976.079,-1
0.249205,877.314,-1
0.317433,1451.4,-1
0.314361,1399.52,-1
0.15417,439.79,-1
0.180823,583.561,-1
0.264947,1084.96,-1
0.299596,551.801,-1
0.177427,499.855,-1
0.219211,116.485,-1
0.134376,176.86,-1
0.236455,954.962,-1
0.228725,838.722,-1
0.187327,404.399,-1
0.13576,215.98,-1
0.185261,660.574,-1
0.169361,394.295,-1
0.167226,688.369,-1
0.171258,149.033,-1
0.300103,1364.77,-1
0.228271,944.865,-1
0.144965,260.027,-1
0.220705,749.224,-1
0.20432,315.552,-1
0.231479,901.404,-1
0.183722,637.706,-1
0.228773,1095.48,-1
0.162432,287.549,-1
0.16939,525.006,-1
0.194601,618.656,-1
0.248504,1063.05,-1
0.148444,358.842,-1
0.22783,996.429,-1
0.305228,1240.91,-1
0.177629,724.208,-1
0.119972,170.372,-1
0.214835,843.358,-1
0.345673,649.642,1
0.27952,90.758,1
0.337585,115.331,1
0.29856,91.7766,1
0.147587,60.5878,1
0.362457,421.492,1
0.218512,61.8103,1
0.130564,50.1592,1
0.266799,99.9231,1
0.266266,65.7348,1
0.349923,339.565,1
0.372973,410.295,1
0.343644,591.908,1
0.322956,659.997,1
0.365838,379.769,1
0.302311,81.6815,1
0.349944,600.167,1
0.356494,361.027,1
0.370189,279.6,1
0.303305,84.5864,1
0.345556,389.321,1
0.362925,392.199,1
0.381138,348.046,1
0.353796,397.51,1
0.333363,497.604,1
0.36728,615.331,1
0.337802,72.7851,1
0.206725,104.504,1
0.288614,636.194,1
0.341667,661.266,1
0.24891,629.827,1
0.323707,492.043,1
0.234405,124.724,1
0.333706,485.848,1
0.318911,498.804,1
0.31573,640.101,1
0.255418,611.579,1
0.227949,221.826,1
0.254667,136.332,1
0.203584,47.9505,1
0.156529,114.136,1
0.227783,176.967,1
0.256413,625.889,1
0.189033,55.3811,1
0.274558,206.369,1
0.255153,267.098,1
0.239988,630.425,1
0.22792,161.076,1
0.204493,161.508,1
0.239628,210.884,1
0.264458,153.803,1
0.176625,50.4687,1
0.169398,70.9538,1
0.2593,618.222,1
0.340654,546.202,1
0.258352,612.493,-1
0.263761,797.456,-1
0.246317,487.598,-1
0.262431,926.014,-1
0.239063,570.988,-1
0.200701,567.545,-1
0.145434,268.284,-1
0.12682,387.963,-1
0.228954,641.589,-1
0.169468,251.636,-1
0.159249,475.87,-1
0.253439,498.844,-1
0.290899,943.403,-1
0.264727,894.136,-1
0.0997197,196.523,-1
0.0691218,80.5943,-1
0.215766,594.583,-1
0.231817,218.808,-1
0.0477843,53.8481,-1
0.249996,466.954,-1
0.173055,505.979,-1
0.205326,471.154,-1
0.150742,332.332,-1
0.0999343,110.563,-1
0.151055,404.179,-1
0.0596417,152.31,-1
0.0504833,167.293,-1
0.0595276,190.815,-1
0.158213,378.32,-1
0.262316,856.208,-1
0.192913,437.615,-1
0.124937,459.246,-1
0.176447,248.375,-1
0.239201,523.672,-1
0.149396,395.726,-1
0.0670567,133.685,-1
0.196032,586.893,-1
0.132259,287.727,-1
0.0921674,87.3466,-1
0.0634702,111.237,-1
0.161237,555.48,-1
0.185904,340.404,-1
0.177414,500.238,-1
0.278803,734.406,-1
0.0803174,216.08,-1
0.203154,525.165,-1
0.177112,365.438,-1
0.187044,508.588,-1
0.207017,198.691,-1
0.240198,447.377,-1
0.242212,175.6,-1
0.2428,574.35,-1
0.161229,69.2777,-1
0.19863,1068.29,-1
0.085903,317.279,-1
0.141495,883.665,-1
0.177693,197.562,-1
0.0886493,268.498,-1
0.0829371,94.0371,-1
0.179085,287.546,-1
0.268093,557.817,-1
0.249263,549.306,-1
0.166826,676.891,-1
0.16781,454.65,-1
0.144829,100.706,-1
0.236372,631.135,-1
0.141934,538.598,-1
0.250076,964.94,-1
0.204099,1008.76,-1
0.106624,32.8747,-1
0.114818,294.06,-1
0.172136,613.552,-1
0.187209,908.014,-1
0.143467,366.089,-1
0.138768,667.4,-1
0.135937,313.398,-1
0.19853,873.789,-1
0.233276,461.308,-1
0.118903,171.262,-1
0.136843,962.166,-1
0.103095,260.266,-1
0.24752,1023.57,-1
0.0910092,287.575,-1
0.163321,372.269,-1
0.127855,251.499,-1
0.172081,791.47,-1
0.167054,539.284,-1
0.158397,398.366,-1
0.131867,282.63,-1
0.200794,832.763,-1
0.0807414,65.8628,-1
0.228766,303.765,-1
0.154752,311.965,-1
0.217416,1027.37,-1
0.0896347,144.169,-1
0.197101,987.507,-1
0.14596,503.902,-1
0.224835,551.714,-1
0.241328,697.471,-1
0.231954,423.625,-1
0.230351,819.332,-1
0.175067,565.076,-1
0.197733,598.698,-1
0.0970936,189.94,-1
0.150842,410.622,-1
0.191971,587.859,-1
0.0887451,229.325,-1
0.0953539,439.84,-1
0.191636,577.262,-1
0.257099,846.416,-1
0.238996,787.006,-1
0.142104,204.283,-1
0.149207,99.186,-1
0.15475,569.653,-1
0.217349,135.294,-1
0.10943,133.094,-1
0.258994,554.063,-1
0.211612,575.243,-1
0.122741,465.907,-1
0.110423,243.547,-1
0.163666,224.809,-1
0.185799,468.689,-1
0.136679,149.135,-1
0.113975,228.196,-1
0.129883,216.453,-1
0.193992,475.948,-1
0.220627,766.682,-1
0.133545,379.293,-1
0.153687,504.609,-1
0.0966559,245.315,-1
0.25107,553.102,-1
0.0992051,299.232,-1
0.145973,169.237,-1
0.122729,505.641,-1
0.161863,352.669,-1
0.13368,98.0568,-1
0.141878,146.043,-1
0.129632,461.933,-1
0.20645,357.735,-1
0.0953805,471.303,-1
0.228794,666.304,-1
0.137151,186.138,-1
0.229145,596.569,-1
0.104296,381.812,-1
0.203498,620.158,-1
0.119428,161.265,-1
0.0601649,495.89,-1
0.232467,252.978,-1
0.251963,419.592,-1
0.257529,125.838,-1
0.258475,549.558,-1
0.182418,311.366,-1
0.241164,897.733,-1
0.0971569,113.464,-1
0.174688,709.595,-1
0.20138,290.528,-1
0.136878,146.993,-1
0.121163,165.605,-1
0.223391,463.534,-1
0.278476,564.994,-1
0.258021,518.048,-1
0.198132,501.775,-1
0.167924,303.883,-1
0.178449,293.076,-1
0.269024,428.008,-1
0.166183,390.582,-1
0.289197,837.177,-1
0.227572,866.516,-1
0.148642,230.974,-1
0.114384,56.4,-1
0.190814,483.493,-1
0.205078,760.484,-1
0.157779,228.257,-1
0.159839,513.889,-1
0.14406,223.445,-1
0.202376,752.095,-1
0.244051,478.41,-1
0.144551,88.7088,-1
0.192641,801.632,-1
0.149243,170.318,-1
0.271926,852.136,-1
0.0875926,44.3282,-1
0.1519,256.968,-1
0.152492,210.396,-1
0.189307,642.228,-1
0.20619,374.412,-1
0.162341,270.816,-1
0.142895,177.644,-1
0.218253,656.742,-1
0.130136,200.922,-1
0.254268,367.521,-1
0.149623,166.781,-1
0.249035,887.223,-1
0.138483,218.105,-1
0.222752,886.66,-1
0.169655,378.413,-1
0.11193,250.028,-1
0.1379,299.173,-1
0.138707,102.451,-1
0.180956,350.956,-1
0.258312,126.061,-1
0.185999,477.441,-1
0.15688,105.071,-1
0.242036,1111.65,-1
0.169744,333.462,-1
0.211315,924.543,-1
0.110928,102.315,-1
0.169288,308.261,-1
0.140389,82.9884,-1
0.243416,383.035,-1
0.199949,461.626,-1
0.176544,452.527,-1
0.211739,715.543,-1
0.204026,498.136,-1
0.116396,56.0088,-1
0.2187,656.204,-1
0.184733,585.372,-1
0.301113,1023.7,-1
0.26852,1062.85,-1
0.165817,118.414,-1
0.172867,292.927,-1
0.222578,667.886,-1
0.235454,959.568,-1
0.204522,409.924,-1
0.183723,714.44,-1
0.190243,368.195,-1
0.238282,933.843,-1
0.171962,365.067,-1
0.183638,150.543,-1
0.204296,1009.12,-1
0.180874,308.991,-1
0.293345,1066.35,-1
0.14418,265.746,-1
0.192817,423.645,-1
0.187519,166.415,-1
0.219329,841.463,-1
0.216724,579.884,-1
0.201654,447.294,-1
0.186147,209.447,-1
0.258389,872.451,-1
0.149749,58.2267,-1
0.17465,209.072,-1
0.192063,349.197,-1
0.276683,1082.3,-1
0.16543,221.638,-1
0.267501,1054.59,-1
0.198416,557.329,-1
0.136121,96.9179,-1
0.143113,522.17,-1
0.177597,239.247,-1
0.266151,564.493,-1
0.272817,760.923,-1
0.238275,442.579,-1
0.270872,891.378,-1
0.223496,511.145,-1
0.212116,630.432,-1
0.163728,238.573,-1
0.154106,452.131,-1
0.221328,591.301,-1
0.17746,204.244,-1
0.170163,423.318,-1
0.264238,435.541,-1
0.287056,904.687,-1
0.272715,859.894,-1
0.115987,260.284,-1
0.0840213,85.6112,-1
0.215232,537.996,-1
0.251047,270.687,-1
0.0734195,114.563,-1
0.268492,520.974,-1
0.189608,563.78,-1
0.196077,412.153,-1
0.14863,301.678,-1
0.113279,169.29,-1
0.157739,463.888,-1
0.0766494,114.875,-1
0.0795764,231.353,-1
0.0660101,135.25,-1
0.179124,430.619,-1
0.262769,815.232,-1
0.191624,392.061,-1
0.138201,521.197,-1
0.173896,195.646,-1
0.247694,586.874,-1
0.146274,365.036,-1
0.0482414,85.3844,-1
0.198624,545.728,-1
0.137162,349.017,-1
0.105612,139.17,-1
0.0680951,73.3371,-1
0.164832,519.342,-1
0.186361,404.894,-1
0.176572,445.608,-1
0.270256,687.311,-1
0.0909654,175.174,-1
0.21745,582.359,-1
0.184258,304.391,-1
0.194677,553.749,-1
0.0606086,64.5831,-1
0.164357,445.013,-1
0.14593,184.439,-1
0.152951,341.848,-1
0.206675,503.36,-1
0.307,1173.77,-1
0.31307,1358.28,-1
0.309548,1050.37,-1
0.333411,1484.73,-1
0.28439,1105.59,-1
0.221826,318.462,-1
0.251859,828.985,-1
0.166749,361.886,-1
0.279,1200.65,-1
0.226576,812.728,-1
0.248351,1032.08,-1
0.258518,932.357,-1
0.342366,1505.36,-1
0.330644,1452.57,-1
0.162031,485.622,-1
0.196379,637.411,-1
0.275233,1141.37,-1
0.313425,596.876,-1
0.195303,552.846,-1
0.224712,139.424,-1
0.130371,181.261,-1
0.248532,1011.44,-1
0.255771,892.428,-1
0.21286,457.897,-1
0.146208,245.082,-1
0.210681,715.462,-1
0.185533,443.64,-1
0.185885,744.236,-1
0.163678,195.67,-1
0.324915,1419.22,-1
0.247349,1000.12,-1
0.166232,275.837,-1
0.220839,805.013,-1
0.234289,320.222,-1
0.254066,954.88,-1
0.205548,693.121,-1
0.248889,1150.11,-1
0.165499,330.935,-1
0.18729,576.743,-1
0.216778,673.7,-1
0.263486,1116.94,-1
0.166849,392.17,-1
0.237029,1052.63,-1
0.317448,1296.38,-1
0.198562,779.164,-1
0.109401,168.387,-1
0.216995,899.856,-1
0.090506,56.5536,-1
0.197909,563.288,-1
0.223445,1044,-1
0.224792,670.864,-1
0.249916,940.922,-1
0.277808,1110.77,-1
0.208687,609.441,-1
0.156148,151.689,-1
0.108369,97.7719,-1
0.253488,236.971,-1
0.11461,228.959,-1
0.191061,348.637,-1
0.271262,1220.53,-1
0.220516,448.986,-1
0.252677,1033.53,-1
0.157432,165.998,-1
0.21886,471.424,-1
0.205953,291.138,-1
0.275678,637.163,-1
0.143763,230.571,-1
0.1081,201.319,-1
0.254782,829.645,-1
0.25935,640.189,-1
0.164178,279.873,-1
0.214337,743.323,-1
0.246489,726.455,-1
0.339192,1172.52,-1
0.294294,1199.33,-1
0.219001,366.348,-1
0.233358,386.629,-1
0.267005,819.83,-1
0.267592,1092.9,-1
0.249585,563.106,-1
0.239139,847.632,-1
0.236361,546.399,-1
0.283714,1088.19,-1
0.115476,142.147,-1
0.222197,286.616,-1
0.261242,1129.81,-1
0.218607,486.303,-1
0.322218,1175.1,-1
0.221606,326.668,-1
0.235907,589.071,-1
0.208937,129.075,-1
0.265286,975.36,-1
0.242477,708.222,-1
0.251677,605.479,-1
0.233611,163.476,-1
0.295094,980.754,-1
0.207419,294.464,-1
0.136512,106.016,-1
0.250432,500.037,-1
0.29266,1220.36,-1
0.220575,450.321,-1
0.291181,1222.92,-1
0.249954,714.433,-1
0.221742,350.158,-1
0.218811,625.405,-1
0.242126,336.369,-1
0.162017,254.137,-1
0.249015,674.45,-1
0.308427,1277.27,-1
0.252189,841.761,-1
0.271992,982.378,-1
0.238825,713.482,-1
0.266752,1099.84,-1
0.216869,836.686,-1
0.183419,307.973,-1
0.173532,478.861,-1
0.110808,119.848,-1
0.230592,877.019,-1
0.153433,500.828,-1
0.14581,723.133,-1
0.23879,778.201,-1
0.297223,1131.49,-1
0.266791,1067.55,-1
0.109281,90.9527,-1
0.131596,313.453,-1
0.208474,850.26,-1
0.237764,176.468,-1
0.101372,234.53,-1
0.246723,299.215,-1
0.175975,299.854,-1
0.17001,735.928,-1
0.182971,534.307,-1
0.131153,198.266,-1
0.154786,197.58,-1
0.129036,401.729,-1
0.0848861,121.316,-1
0.118867,458.789,-1
0.15006,248.869,-1
0.261677,1054.7,-1
0.177202,667.855,-1
0.131915,217.251,-1
0.149406,507.646,-1
0.23784,262.377,-1
0.176571,589.31,-1
0.129565,399.314,-1
0.183562,796.157,-1
0.111671,112.363,-1
0.0960105,228.532,-1
0.129622,371.944,-1
0.182127,750.937,-1
0.16037,66.983,-1
0.161469,752.424,-1
0.27189,957.065,-1
0.125282,458.183,-1
0.202971,321.826,-1
0.1594,637.203,-1
0.166716,395.169,-1
0.111795,281.208,-1
0.153357,767.808,-1
0.138184,290.778,-1
0.174898,589.76,-1
0.20161,806.106,-1
0.121962,345.744,-1
0.195598,434.451,-1
0.247422,914.265,-1
0.197024,236.356,-1
0.243117,472.159,-1
0.228413,149.523,-1
0.242891,604.318,-1
0.164802,173.686,-1
0.201555,966.327,-1
0.0967163,215.906,-1
0.156007,780.934,-1
0.181333,253.186,-1
0.110616,164.261,-1
0.0840171,85.8908,-1
0.175049,304.058,-1
0.26307,599.72,-1
0.246357,576.095,-1
0.171006,573.487,-1
0.171646,351.85,-1
0.152388,189.728,-1
0.244148,526.772,-1
0.15041,436.994,-1
0.255734,869.479,-1
0.207199,910.814,-1
0.104848,74.7698,-1
0.123061,201.707,-1
0.175646,515.242,-1
0.18411,808.817,-1
0.159046,263.038,-1
0.133143,566.152,-1
0.132515,214.214,-1
0.191232,779.053,-1
0.225969,504.212,-1
0.111502,115.759,-1
0.156068,861.241,-1
0.119007,157.921,-1
0.251499,921.419,-1
0.095295,210.881,-1
0.156871,271.791,-1
0.139609,254.455,-1
0.176176,691.495,-1
0.173716,436.04,-1
0.165485,297.034,-1
0.124635,262.827,-1
0.204112,729.726,-1
0.103452,98.829,-1
0.240755,357.181,-1
0.162863,207.657,-1
0.214361,929.852,-1
0.0845158,75.3226,-1
0.202985,897.951,-1
0.150805,404.883,-1
0.0523483,104.416,-1
0.0764371,391.558,-1
0.116438,168.014,-1
0.141819,157.04,-1
0.172309,348.512,-1
0.228036,954.207,-1
0.216108,375.383,-1
0.148473,664.438,-1
0.358509,800.607,1
0.314025,99.5065,1
0.362395,91.1839,1
0.281444,84.1301,1
0.410688,234.988,1
0.346437,576.864,1
0.398122,233.597,1
0.401305,223.72,1
0.353038,78.8487,1
0.31425,119.339,1
0.320589,506.061,1
0.343397,567.067,1
0.347312,743.298,1
0.316042,813.941,1
0.351659,543.282,1
0.306059,101.01,1
0.358701,751.779,1
0.336239,528.13,1
0.332516,434.614,1
0.302097,106.319,1
0.330449,549.836,1
0.29561,554.153,1
0.324619,513.486,1
0.364895,558.236,1
0.323059,653.635,1
0.323258,766.359,1
0.3473,111.959,1
0.399078,174.766,1
0.30184,699.926,1
0.249852,199.262,1
0.278964,546.878,1
0.322423,571.666,1
0.231859,542.23,1
0.337121,400.588,1
0.187887,43.6447,1
0.351348,395.239,1
0.333255,407.986,1
0.286331,552.214,1
0.262439,522.013,1
0.195895,126.507,1
0.19768,49.3716,1
0.226999,143.305,1
0.17923,205.439,1
0.273238,81.6702,1
0.273596,536.983,1
0.204131,150.644,1
0.224588,111.276,1
0.223303,180.717,1
0.236895,540.882,1
0.203206,67.3292,1
0.20722,66.4759,1
0.188849,115.634,1
0.247577,59.4748,1
0.169139,45.0224,1
0.197699,166.212,1
0.256792,528.869,1
0.336571,456.34,1
0.159573,95.3559,1
0.294289,615.243,1
0.299919,340.206,1
0.312801,404.728,1
0.388511,429.339,1
0.286724,401.245,1
0.37164,257.725,1
0.131291,112.824,1
0.370505,252.656,1
0.363644,265.3,1
0.311384,410.983,1
0.334949,379.763,1
0.154223,38.7109,1
0.136732,100.029,1
0.247081,282.966,1
0.219798,348.061,1
0.177315,66.7593,1
0.315694,395.09,1
0.224961,290.852,1
0.162222,59.2167,1
0.106791,53.93,1
0.270124,398.618,1
0.207583,75.5902,1
0.18314,78.2025,1
0.128105,40.6275,1
0.195083,83.6263,1
0.208631,185.787,1
0.258037,306.348,1
0.24283,386.724,1
0.368588,314.032,1
0.23987,235.724,1
0.335352,476.543,1
0.213083,142.909,1
0.173992,248.69,-1
0.272922,128.315,-1
0.287382,330.512,-1
0.184595,376.459,-1
0.106067,132.899,-1
0.275809,463.411,-1
0.278075,739.313,1
0.170039,200.26,-1
0.201024,442.542,-1
0.244105,219.285,-1
0.18532,562.963,-1
0.282083,1149.63,-1
0.304215,1285.84,-1
0.277735,1021.33,-1
0.297317,1399.92,-1
0.262241,1136.43,-1
0.217664,363.003,-1
0.24241,529.612,-1
0.253978,234.69,-1
0.244302,657.74,-1
0.176768,385.205,-1
0.232296,786.65,-1
0.259225,961.491,-1
0.270817,1100.51,-1
0.262929,833.195,-1
0.271863,1216.6,-1
0.233454,952.224,-1
0.147349,188.153,-1
0.159982,598.53,-1
0.142912,43.1233,-1
0.167277,258.415,-1
0.24265,164.73,-1
0.182559,379.95,-1
0.169973,184.189,-1
0.259461,1184.59,-1
0.204315,398.282,-1
0.237947,996.559,-1
0.232401,361.232,-1
0.245178,560.018,-1
0.243305,238.336,-1
0.249353,691.685,-1
0.177125,337.757,-1
0.219135,804.389,-1
0.10744,86.3175,-1
0.178537,618.08,-1
0.198059,389.969,-1
0.202527,150.533,-1
0.237787,388.47,-1
0.204623,83.1154,-1
0.237945,520.028,-1
0.15402,147.136,-1
0.206982,1028.68,-1
0.118584,252.013,-1
0.167351,841.555,-1
0.162605,169.721,-1
0.121172,225.741,-1
0.275932,485.475,-1
0.31097,733.883,-1
0.261523,445.229,-1
0.289433,858.563,-1
0.226618,298.335,-1
0.25852,1042.06,-1
0.226161,464.713,-1
0.233721,876.419,-1
0.250406,478.671,-1
0.198789,380.464,-1
0.170813,364.532,-1
0.164421,364.998,-1
0.122567,149.132,-1
0.274523,466.889,-1
0.117261,71.7741,-1
0.197469,538.109,-1
0.315171,1434.71,-1
0.273231,676.379,-1
0.305455,1249.56,-1
0.173283,360.327,-1
0.267021,701.954,-1
0.253117,514.009,-1
0.303761,836.25,-1
0.375253,764.484,1
0.210017,25.4664,1
0.292346,732.16,1
0.213177,28.8843,1
0.25905,45.6989,1
0.346465,596.087,1
0.292717,149.724,1
0.347678,173.29,1
0.303475,152.358,1
0.179536,350.819,-1
0.0951236,103.936,-1
0.273123,433.837,-1
0.10041,32.337,-1
0.192602,540.627,-1
0.298305,1367.78,-1
0.259864,625.853,-1
0.275806,1184.36,-1
0.159869,356.792,-1
0.246153,660.675,-1
0.230731,492.333,-1
0.301203,834.726,-1
0.120596,88.8279,-1
0.25355,752.925,-1
0.267654,900.543,-1
0.249976,624.611,-1
0.26743,1020.54,-1
0.230121,745.797,-1
0.197969,396.991,-1
0.173805,389.937,-1
0.125311,209.164,-1
0.227336,787.619,-1
0.174718,409.897,-1
0.176594,632.557,-1
0.252447,695.367,-1
0.299002,1049.63,-1
0.282238,988.201,-1
0.271149,545.289,-1
0.269121,721.082,-1
0.269833,418.365,-1
0.264813,848.592,-1
0.24358,523.378,-1
0.212638,614.694,-1
0.157788,191.577,-1
0.146927,429.11,-1
0.243933,576.779,-1
0.180392,189.996,-1
0.181332,415.416,-1
0.264084,494.061,-1
0.292372,867.954,-1
0.272048,816.586,-1
0.122565,222.727,-1
0.159022,134.024,-1
0.193519,373.193,-1
0.233163,182.069,-1
0.178775,493.567,-1
0.170145,69.5022,-1
0.250133,1154.17,-1
0.167619,382.71,-1
0.224192,967.878,-1
0.15048,114.781,-1
0.15826,349.833,-1
0.14796,130.843,-1
0.233605,366.486,-1
0.211472,469.813,-1
0.190967,471.128,-1
0.227021,759.413,-1
0.217148,539.537,-1
0.308669,228.653,1
0.300884,511.557,1
0.376022,536.596,1
0.281082,505.577,1
0.371598,367.446,1
0.344013,589.627,1
0.311779,152.491,1
0.373819,176.801,1
0.335025,152.407,1
0.172789,14.3652,1
0.357797,361.137,1
0.337893,602.641,1
0.273692,140.407,1
0.355291,164.459,1
0.295308,141.619,1
0.0950852,12.3876,1
0.35624,374.107,1
0.148232,13.242,1
0.332226,742.558,1
0.23813,24.4554,1
0.350539,35.9763,1
0.217797,11.1141,1
0.271553,160.442,1
0.317593,515.771,1
0.282939,161.156,1
0.264306,150.02,1
0.307891,714.83,1
0.126384,25.1297,1
0.210142,49.6922,1
0.195302,37.4115,1
0.250269,124.62,1
0.332592,486.906,1
0.295303,127.403,1
0.252968,115.281,1
0.204205,40.4948,1
0.270271,325.694,1
0.296756,430.242,1
0.330485,454.349,1
0.208764,428.711,1
0.34839,281.29,1
0.186272,107.352,1
0.349389,277.766,1
0.339287,289.904,1
0.341761,438.078,1
0.309916,405.135,1
0.324459,240.611,1
0.301344,500.54,1
0.383192,525.504,1
0.289605,495.03,1
0.377715,355.735,1
0.0742243,13.6449,1
0.372837,349.687,1
0.363219,362.601,1
0.322077,505.148,1
0.33163,475.813,1
0.198339,93.7095,1
0.25769,680.885,-1
0.219008,808.368,-1
0.278831,553.662,-1
0.206297,924.25,-1
0.25362,700.339,-1
0.274181,477.678,-1
0.249465,322.88,-1
0.267843,292.419,-1
0.242419,718.379,-1
0.241189,363.944,-1
0.23623,574.24,-1
0.315669,696.05,-1
0.248757,957.352,-1
0.229847,892,-1
0.254845,112.291,-1
0.26449,201.989,-1
0.195305,704.415,-1
0.249367,633.416,-1
0.262677,805.676,-1
0.255046,506.38,-1
0.255666,931.895,-1
0.226445,606.774,-1
0.183988,529.694,-1
0.138512,277.479,-1
0.129396,346.166,-1
0.22839,664.878,-1
0.151785,277.123,-1
0.156721,502.837,-1
0.257163,550.086,-1
0.290326,953.222,-1
0.265998,899.754,-1
0.0883643,146.64,-1
0.0716439,88.1413,-1
0.200566,625.707,-1
0.241698,166.47,-1
0.325335,1078.59,-1
0.342551,1249.41,-1
0.34473,952.404,-1
0.344676,1373.03,-1
0.304138,1029.71,-1
0.207099,216.311,-1
0.277005,723.869,-1
0.222888,222.627,-1
0.306682,1108.43,-1
0.265438,718.47,-1
0.278263,942.662,-1
0.300567,888.95,-1
0.368336,1397.78,-1
0.357089,1340.73,-1
0.228676,358.988,-1
0.261664,534.285,-1
0.313944,1058.94,-1
0.304553,467.674,-1
0.247644,446.719,-1
0.246252,57.7346,1
0.342657,681.585,1
0.376897,706.752,1
0.318687,674.513,1
0.345326,538.436,1
0.256098,171.052,1
0.369899,531.92,1
0.338019,544.942,1
0.368674,684.894,1
0.332158,657.097,1
0.27715,269.758,1
0.257858,183.163,1
0.302432,1112.52,-1
0.309808,1272.71,-1
0.27984,985.119,-1
0.31001,1393.57,-1
0.270764,1074.82,-1
0.169958,145.887,-1
0.232161,753.109,-1
0.113494,200.27,-1
0.276356,1144.11,-1
0.220062,755.325,-1
0.214689,980.859,-1
0.248282,947.836,-1
0.3268,1421.66,-1
0.319201,1361.23,-1
0.168754,373.12,-1
0.190137,567.388,-1
0.273034,1100.54,-1
0.28579,475.287,-1
0.189597,479.256,-1
0.21012,72.8796,-1
0.215872,216.534,-1
0.253808,464.058,-1
0.214252,172.647,-1
0.248961,592.959,-1
0.153921,100.764,-1
0.209718,1035.88,-1
0.131155,290.182,-1
0.197075,851.497,-1
0.177646,220.71,-1
0.127443,237.603,-1
0.0950458,89.7112,-1
0.195798,276.663,-1
0.248685,579.588,-1
0.2463,566.96,-1
0.198725,645.046,-1
0.204832,422.616,-1
0.166416,131.543,-1
0.249277,601.021,-1
0.183224,506.192,-1
0.278003,932.074,-1
0.238171,975.912,-1
0.241414,309.266,-1
0.255909,465.913,-1
0.25185,182.224,-1
0.259105,593.728,-1
0.173133,358.564,-1
0.21446,842.244,-1
0.0826294,64.0736,-1
0.172011,654.155,-1
0.195868,346.926,-1
0.136561,125.393,-1
0.129597,215.964,-1
0.226653,480.826,-1
0.273334,613.054,-1
0.267194,561.819,-1
0.190879,446.863,-1
0.176212,255.178,-1
0.189667,345.635,-1
0.255436,371.645,-1
0.1454,340.226,-1
0.273848,785.895,-1
0.219057,813.492,-1
0.141447,271.371,-1
0.249121,27.9446,1
0.291259,750.126,1
0.351156,775.15,1
0.249826,743.944,1
0.317077,605.305,1
0.225125,238.571,1
0.32884,599.416,1
0.31689,612.311,1
0.356659,754.202,1
0.280411,725.459,1
0.192868,330.693,1
0.232764,249.737,1
0.203218,72.5699,1
0.323322,280.908,1
0.323329,470.525,1
0.400081,494.955,1
0.29152,467.644,1
0.371539,322.537,1
0.210497,66.0859,1
0.374596,318.154,1
0.361599,330.603,1
0.407395,477.291,1
0.349261,445.491,1
0.226873,44.8619,1
0.204904,52.8771,1
0.269345,224.897,1
0.221521,286.323,1
0.277328,721.872,-1
0.287392,900.394,-1
0.268442,596.12,-1
0.271943,1027.23,-1
0.246022,680.146,-1
0.211997,462.9,-1
0.177936,371.154,-1
0.142047,290.254,-1
0.24854,751.6,-1
0.198737,361.672,-1
0.18141,586.355,-1
0.269186,586.249,-1
0.310183,1047.51,-1
0.280074,995.136,-1
0.124955,135.014,-1
0.121609,179.652,-1
0.236001,704.968,-1
0.269373,212.752,-1
0.101424,96.0569,-1
0.269559,356.841,-1
0.191858,395.578,-1
0.219148,580.738,-1
0.180777,434.531,-1
0.297755,728.838,1
0.145128,12.3278,1
0.227793,37.1463,1
0.20816,21.5768,1
0.301632,141.559,1
0.33015,501.318,1
0.334203,143.473,1
0.302327,131.739,1
0.178341,22.2806,1
0.141119,18.4551,1
0.29252,421.166,1
0.32574,490.413,1
0.330101,671.121,1
0.294282,739.884,1
0.330411,461.081,1
0.222852,49.5163,1
0.317137,689.891,1
0.353025,715.046,1
0.302627,682.896,1
0.345775,546.572,1
0.21319,179.143,1
0.369928,540.117,1
0.339414,553.128,1
0.312671,693.268,1
0.321278,665.385,1
0.262935,277.147,1
0.235527,191.15,1
0.0989197,8.558,1
0.193762,64.0671,1
0.249543,232.297,1
0.306708,679.446,1
0.337676,309.354,1
0.302333,451.63,1
0.371865,475.612,1
0.280967,450.481,1
0.353385,302.412,1
0.178518,99.0759,1
0.368582,299.217,1
0.342106,311.235,1
0.332084,459.776,1
0.314231,426.509,1
0.185817,22.3607,1
0.177762,85.8068,1
0.273041,254.28,1
0.232372,313.096,1
0.239466,32.9956,1
0.312379,442.675,1
0.239784,261.395,1
0.271644,1007.35,-1
0.282316,1166.16,-1
0.268677,879.708,-1
0.29868,1287.15,-1
0.249998,974.786,-1
0.165023,184.196,-1
0.202606,647.142,-1
0.0941838,118.558,-1
0.251581,1039.44,-1
0.200028,651.544,-1
0.193678,877.269,-1
0.247086,862.22,-1
0.316709,1315.1,-1
0.287866,1254.82,-1
0.134698,266.909,-1
0.159489,462.708,-1
0.244992,998.386,-1
0.2722,370.914,-1
0.152104,374.716,-1
0.215579,105.804,-1
0.109226,106.555,-1
0.220738,875.232,-1
0.209617,707.237,-1
0.162915,294.665,-1
0.321667,370.11,1
0.306824,369.225,1
0.353656,394.376,1
0.284057,362.831,1
0.375856,227.621,1
0.164014,142.756,1
0.373087,220.178,1
0.363388,233.32,1
0.3405,373.049,1
0.3177,344.72,1
0.171402,92.5583,1
0.173422,132.503,1
0.268646,312.377,1
0.222632,381.166,1
0.206175,115.048,1
0.314401,358.83,1
0.249642,320.671,1
0.175718,113.003,1
0.333055,733.648,1
0.200381,7.12878,1
0.262849,30.8409,1
0.140557,32.2173,1
0.301188,143.141,1
0.283203,505.757,1
0.341471,146.198,1
0.295008,133.995,1
0.244455,29.8436,1
0.182559,18.8687,1
0.247068,423.888,1
0.287387,494.675,1
0.300255,675.916,1
0.249475,744.314,1
0.283032,464.319,1
0.195174,11.7961,1
0.272763,684.208,1
0.26913,445.228,1
0.264979,363.539,1
0.26168,460.67,-1
0.25188,647.836,-1
0.252341,335.314,-1
0.255559,777.65,-1
0.229597,434.964,-1
0.215277,703.54,-1
0.151203,123.9,-1
0.14558,517.896,-1
0.218498,490.718,-1
0.173083,101.687,-1
0.163109,327.426,-1
0.265446,428.882,-1
0.275307,792.719,-1
0.266198,746.03,-1
0.120251,310.833,-1
0.0818954,88.8565,-1
0.221192,450.751,-1
0.256348,276.768,-1
0.0766798,175.448,-1
0.260857,617.98,-1
0.190593,653.827,-1
0.187415,334.214,-1
0.164237,186.803,-1
0.124122,261.203,-1
0.171895,549.887,-1
0.243975,760.354,-1
0.268646,923.266,-1
0.23302,632.679,-1
0.257885,1046.69,-1
0.220191,735.329,-1
0.18066,401.259,-1
0.140618,400.452,-1
0.11964,220.781,-1
0.211247,792.706,-1
0.161051,406.185,-1
0.138758,631.801,-1
0.232933,659.084,-1
0.288101,1071.8,-1
0.25961,1014.39,-1
0.0853532,66.9822,-1
0.0787774,216.437,-1
0.194625,754.956,-1
0.243553,169.467,-1
0.0447326,129.251,-1
0.248487,326.352,-1
0.181493,352.695,-1
0.182453,634.893,-1
0.154763,461.249,-1
0.0898119,77.248,-1
0.148332,247.03,-1
0.0779647,304.574,-1
0.231063,430.606,-1
0.254752,635.991,-1
0.231003,311.349,-1
0.263102,767.913,-1
0.213643,381.027,-1
0.190439,755.542,-1
0.14842,143.687,-1
0.137103,572.302,-1
0.206143,456.426,-1
0.169796,76.7423,-1
0.147548,288.096,-1
0.250307,362.062,-1
0.277597,776.962,-1
0.257107,737.013,-1
0.108775,368.576,-1
0.0860288,146.808,-1
0.199066,403.941,-1
0.245841,342.704,-1
0.0734765,226.199,-1
0.251492,655.676,-1
0.18578,696.627,-1
0.173731,280.754,-1
0.152623,196.37,-1
0.10902,301.049,-1
0.144971,594.966,-1
0.0652241,67.3193,-1
0.057832,354.339,-1
0.275066,990.758,-1
0.289254,1167.06,-1
0.277255,865.309,-1
0.299465,1292.26,-1
0.239402,938.261,-1
0.2178,274.579,-1
0.198432,639.208,-1
0.140728,209.257,-1
0.25265,1019.81,-1
0.196186,629.924,-1
0.194266,853.224,-1
0.265675,798.507,-1
0.32452,1314.88,-1
0.30069,1260.03,-1
0.131548,290.926,-1
0.172607,448.318,-1
0.239374,968.308,-1
0.289366,402.82,-1
0.149541,361.781,-1
0.220473,91.9827,-1
0.177658,151.153,-1
0.20544,840.935,-1
0.214686,701.984,-1
0.189395,269.225,-1
0.148502,102.719,-1
0.175602,530.18,-1
0.147805,248.189,-1
0.167692,565.654,-1
0.121504,268.817,-1
0.136669,89.3848,-1
0.265069,374.568,-1
0.133236,128.11,-1
0.17681,442.895,-1
0.288013,1360.19,-1
0.228453,591.127,-1
0.27286,1173.68,-1
0.156334,263.882,-1
0.221407,611.558,-1
0.219958,418.381,-1
0.278455,740.689,-1
0.100792,96.562,-1
0.136336,117.096,-1
0.268706,970.793,-1
0.268759,782.274,-1
0.167862,374.213,-1
0.251755,882.584,-1
0.251413,868.6,-1
0.343863,1314.64,-1
0.306203,1341.1,-1
0.218782,483.036,-1
0.242768,528.744,-1
0.282004,961.901,-1
0.283972,1234.62,-1
0.265184,704.609,-1
0.255075,989.62,-1
0.250266,685.711,-1
0.291362,1230.33,-1
0.265336,265.538,1
0.287927,479.942,1
0.331676,504.652,1
0.2306,475.807,1
0.367044,333.303,1
0.189131,44.3123,1
0.377385,328.09,1
0.364997,340.791,1
0.304135,485.687,1
0.300133,455.029,1
0.169344,63.4589,1
0.188514,30.8147,1
0.305972,208.726,1
0.233491,272.644,1
0.221712,22.4846,1
0.307029,470.161,1
0.267972,216.415,1
0.220673,55.1327,1
0.2047,116.741,1
0.245318,473.893,1
0.227604,175.931,-1
0.245266,378.946,-1
0.195531,50.5774,-1
0.240984,511.754,-1
0.184617,227.206,-1
0.23635,975.365,-1
0.131176,189.401,-1
0.193365,787.353,-1
0.195226,209.224,-1
0.138076,187.821,-1
0.119524,80.0776,-1
0.206356,419.194,-1
0.247544,516.886,-1
0.245253,481.765,-1
0.192584,578.395,-1
0.200912,369.389,-1
0.161887,204.53,-1
0.254087,511.225,-1
0.198077,457.504,-1
0.288037,903.011,-1
0.234724,936.594,-1
0.112912,158.928,-1
0.147611,142.954,-1
0.210862,546.48,-1
0.221454,831.451,-1
0.177285,285.426,-1
0.181886,584.48,-1
0.173847,260.826,-1
0.220739,815.583,-1
0.234699,424.957,-1
0.257912,1051.66,-1
0.276892,1199.25,-1
0.259812,923.456,-1
0.2955,1317.09,-1
0.227344,1029.8,-1
0.14339,113.02,-1
0.191735,689.144,-1
0.101067,105.055,-1
0.218627,1085.32,-1
0.181238,700.983,-1
0.160024,926.337,-1
0.221479,929.264,-1
0.3039,1348.38,-1
0.284026,1284.8,-1
0.135704,300.366,-1
0.148536,511.004,-1
0.227045,1050.06,-1
0.250544,393.357,-1
0.129666,424.355,-1
0.210161,143.602,-1
0.125959,100.212,-1
0.193544,929.57,-1
0.187388,747.036,-1
0.159098,352.571,-1
0.119738,73.9347,-1
0.134668,599.504,-1
0.123208,295.116,-1
0.118827,648.826,-1
0.176317,173.2,-1
0.273762,1270.72,-1
0.195805,876.333,-1
0.303763,265.682,1
0.28921,482.911,1
0.325549,507.489,1
0.237817,479.375,1
0.367513,335.549,1
0.186941,50.4973,1
0.390031,330.752,1
0.353815,343.334,1
0.30778,489.148,1
0.29565,457.933,1
0.160347,60.6156,1
0.18525,37.6962,1
0.275554,209.387,1
0.207593,271.724,1
0.194704,16.2127,1
0.267352,473.292,1
0.242712,216.881,1
0.192589,48.9463,1
0.188764,122.639,1
0.229608,476.784,1
0.143203,10.5469,1
0.239518,369.478,-1
0.249704,576.807,-1
0.233579,250.594,-1
0.255239,709.078,-1
0.178441,329.044,-1
0.216804,808.482,-1
0.126938,116.026,-1
0.177023,623.436,-1
0.199251,395.661,-1
0.0384052,29.9282,-1
0.123496,227.992,-1
0.191364,352.886,-1
0.264915,716.796,-1
0.253201,678.412,-1
0.169985,416.773,-1
0.191344,194.384,-1
0.179243,346.968,-1
0.241833,378.251,-1
0.163433,279.074,-1
0.260467,714.799,-1
0.21937,754.178,-1
0.126242,228.283,-1
0.136454,153.829,-1
0.199451,358.938,-1
0.189553,651.525,-1
0.185072,105.964,-1
0.161223,408.247,-1
0.166082,61.1537,-1
0.203726,625.237,-1
0.230264,625.119,-1
0.14083,200.162,-1
0.179277,703.35,-1
0.28793,314.885,1
0.303417,438.781,1
0.350963,463.02,1
0.234191,436.734,1
0.371083,290.174,1
0.164936,96.0323,1
0.376718,286.293,1
0.343381,298.564,1
0.297087,446.208,1
0.310609,413.696,1
0.1103,11.3441,1
0.157995,82.3921,1
0.278232,258.796,1
0.211448,320.217,1
0.218738,33.9834,1
0.305186,429.559,1
0.237769,266.233,1
0.200852,19.1803,1
0.160108,94.107,1
0.258458,432.483,1
0.198254,52.1157,1
0.16376,49.4859,1
0.316094,1104.05,-1
0.329262,1240.73,-1
0.329906,975.75,-1
0.333865,1355.22,-1
0.301735,1091.81,-1
0.192579,45.5975,-1
0.263326,741.078,-1
0.200582,142.563,-1
0.299588,1139.05,-1
0.263097,759.255,-1
0.269723,983.374,-1
0.317653,1001.53,-1
0.360636,1389.65,-1
0.334875,1323.06,-1
0.210853,351.482,-1
0.239269,569.678,-1
0.31064,1109.07,-1
0.330388,432.45,-1
0.233756,485.039,-1
0.200709,203.104,-1
0.214452,139.811,-1
0.28146,991.211,-1
0.259332,796.648,-1
0.249338,420.095,-1
0.184734,150.914,-1
0.259492,658.534,-1
0.236537,356.971,-1
0.239204,711.057,-1
0.240175,248.073,-1
0.336387,1314.86,-1
0.272798,929.829,-1
0.203778,77.0272,-1
0.255096,763.626,-1
0.341351,258.18,1
0.331905,488.153,1
0.389385,512.837,1
0.299145,484.119,1
0.369511,341.347,1
0.178869,40.7245,1
0.399147,336.23,1
0.361333,348.906,1
0.320627,493.983,1
0.326287,463.226,1
0.248774,69.2359,1
0.177134,27.996,1
0.295308,201.57,1
0.262801,264.904,1
0.208365,25.6688,1
0.344597,478.402,1
0.248611,209.178,1
0.205073,58.5942,1
0.211221,125.172,1
0.29807,482.088,1
0.188343,8.43951,1
0.18543,9.77289,1
0.24296,57.9659,1
0.212757,263.385,-1
0.245525,403.457,-1
0.23736,143.379,-1
0.239015,530.542,-1
0.165107,345.891,-1
0.219777,896.695,-1
0.0886468,127.605,-1
0.180126,708.982,-1
0.173489,303.751,-1
0.121694,180.68,-1
0.097744,198.782,-1
0.20495,507.841,-1
0.258719,551.193,-1
0.242213,498.569,-1
0.180462,503.495,-1
0.153374,318.068,-1
0.146078,321.091,-1
0.235335,421.958,-1
0.138447,402.219,-1
0.283595,846.787,-1
0.241296,872.677,-1
0.110824,270.813,-1
0.0900902,63.5903,-1
0.174341,497.047,-1
0.206142,766.23,-1
0.15138,250.18,-1
0.134198,521.259,-1
0.136542,255.249,-1
0.208955,763.716,-1
0.221538,468.461,-1
0.135227,118.826,-1
0.18304,803.84,-1
0.138916,206.627,-1
0.275202,851.146,-1
0.244126,480.735,-1
0.258104,675.675,-1
0.244799,357.724,-1
0.260123,806.329,-1
0.22137,440.201,-1
0.204798,696.238,-1
0.162796,157.562,-1
0.153773,512.76,-1
0.209722,508.739,-1
0.172791,119.616,-1
0.160041,342.288,-1
0.259398,409.337,-1
0.272512,819.304,-1
0.250676,774.917,-1
0.119398,309.233,-1
0.0844519,88.6375,-1
0.203789,461.325,-1
0.241292,288.438,-1
0.0715741,166.711,-1
0.26805,600.382,-1
0.194793,639.494,-1
0.179153,339.741,-1
0.149223,219.085,-1
0.118568,244.245,-1
0.154794,537.063,-1
0.0764108,36.426,-1
0.079956,295.153,-1
0.0583461,59.5627,-1
0.185764,511.185,-1
0.240976,729.913,-1
0.184615,307.288,-1
0.131208,589.932,-1
0.178655,114.707,-1
0.248844,651.682,-1
0.134589,281.893,-1
0.240779,87.3503,-1
0.237683,221.2,-1
0.219227,109.338,-1
0.234597,354.095,-1
0.170749,271.324,-1
0.216325,1103.72,-1
0.140687,323.814,-1
0.180591,915.905,-1
0.185992,128.723,-1
0.138588,342.414,-1
0.109145,174.967,-1
0.205814,536.396,-1
0.234604,359.645,-1
0.232763,324.51,-1
0.196445,709.641,-1
0.216276,513.902,-1
0.173487,211.641,-1
0.240464,628.888,-1
0.189982,600.91,-1
0.279478,1047.56,-1
0.222225,1076.55,-1
0.117502,259.818,-1
0.13618,263.23,-1
0.214827,693.323,-1
0.211272,970.375,-1
0.19614,435.089,-1
0.186043,724.061,-1
0.185167,417.326,-1
0.217759,962.219,-1
0.223171,269.6,-1
0.114566,158.023,-1
0.19383,1009.97,-1
0.124864,357.293,-1
0.267392,1058.16,-1
0.140128,207.122,-1
0.20042,460.379,-1
0.264273,888.75,-1
0.274608,1049.79,-1
0.262039,761.136,-1
0.289702,1171.97,-1
0.232668,858.706,-1
0.188013,283.453,-1
0.185837,528.825,-1
0.125746,126.565,-1
0.23749,920.868,-1
0.184874,533.302,-1
0.168147,759.043,-1
0.256173,760.081,-1
0.312359,1198.57,-1
0.286082,1139.64,-1
0.12055,155.91,-1
0.148152,344.189,-1
0.234707,880.87,-1
0.258513,266.095,-1
0.129832,256.287,-1
0.219958,203.262,-1
0.164991,224.288,-1
0.184014,758.766,-1
0.194062,589.284,-1
0.144848,180.155,-1
0.118574,118.602,-1
0.15575,431.618,-1
0.133697,128.48,-1
0.132601,478.111,-1
0.113905,138.997,-1
0.278802,1117.23,-1
0.191028,712.85,-1
0.137839,172.43,-1
0.173627,533.905,-1
0.226459,241.671,-1
0.187567,648.772,-1
0.1457,419.726,-1
0.194154,852.285,-1
0.25311,621.969,-1
0.268275,784.705,-1
0.233318,493.996,-1
0.261887,909.192,-1
0.217418,608.154,-1
0.186614,531.789,-1
0.183091,261.014,-1
0.13993,345.191,-1
0.225169,655.144,-1
0.160124,272.889,-1
0.163169,496.935,-1
0.239664,570.857,-1
0.281474,932.997,-1
0.261246,876.942,-1
0.101496,137.663,-1
0.115813,85.211,-1
0.21288,622.697,-1
0.227286,132.406,-1
0.102421,40.0245,-1
0.243833,464.784,-1
0.170808,492.104,-1
0.184089,507.398,-1
0.191799,321.74,-1
0.12531,126.754,-1
0.148901,386.147,-1
0.117701,173.199,-1
0.0962981,139.537,-1
0.0949088,231.743,-1
0.15814,383.135,-1
0.251978,850.257,-1
0.182953,446.326,-1
0.129237,430.245,-1
0.155549,279.118,-1
0.235603,486.546,-1
0.182094,382.062,-1
0.114119,172.86,-1
0.180423,584.531,-1
0.117172,267.817,-1
0.248782,154.787,1
0.28276,587.862,1
0.344771,612.823,1
0.290292,582.223,1
0.336066,442.784,1
0.20876,76.7826,1
0.341974,436.917,1
0.326286,449.798,1
0.353682,592.377,1
0.28358,563.133,1
0.237059,171.385,1
0.213371,87.3219,1
0.21129,98.3753,1
0.174447,162.525,1
0.22469,126.523,1
0.284171,577.725,1
0.202795,105.843,1
0.227801,156.266,1
0.200458,219.465,1
0.264384,581.995,1
0.23379,110.777,1
0.212,111.04,1
0.205198,160.423,1
0.237992,103.397,1
0.268589,501.274,-1
0.262567,690.392,-1
0.264233,376.716,-1
0.252781,820.2,-1
0.234426,466.578,-1
0.214009,669.925,-1
0.154394,165.416,-1
0.147032,485.895,-1
0.239052,530.432,-1
0.170445,140.464,-1
0.167867,365.371,-1
0.277327,435.172,-1
0.285687,835.192,-1
0.270719,788.57,-1
0.124141,281.714,-1
0.0732912,60.9422,-1
0.219338,486.188,-1
0.253556,261.585,-1
0.0600593,140.232,-1
0.269617,578.008,-1
0.191781,615.56,-1
0.19401,365.968,-1
0.157163,228.822,-1
0.117453,221.235,-1
0.176246,512.466,-1
0.0515095,42.561,-1
0.0821144,269.183,-1
0.0859703,86.8657,-1
0.175711,489.555,-1
0.264731,746.886,-1
0.19329,326.591,-1
0.153629,564.223,-1
0.186129,139.228,-1
0.259917,625.245,-1
0.141479,292.317,-1
0.0696663,27.7651,-1
0.205545,477.318,-1
0.153698,394.707,-1
0.11925,145.13,-1
0.234093,145.881,-1
0.258473,242.033,-1
0.237956,114.298,-1
0.262018,372.07,-1
0.179504,313.623,-1
0.237778,1057.5,-1
0.126493,287.965,-1
0.196117,870.303,-1
0.187261,188.331,-1
0.147498,320.41,-1
0.122309,194.981,-1
0.212482,559.073,-1
0.264028,388.435,-1
0.260641,340.715,-1
0.206687,666.17,-1
0.201524,479.542,-1
0.203925,260.132,-1
0.249527,580.73,-1
0.169019,564.877,-1
0.275065,1010.15,-1
0.226575,1036.1,-1
0.131959,284.424,-1
0.10433,224.656,-1
0.195925,659.075,-1
0.212722,929.625,-1
0.180859,405.894,-1
0.16503,684.755,-1
0.167944,396.999,-1
0.21453,926.615,-1
0.241825,304.999,-1
0.154532,151.598,-1
0.18986,966.343,-1
0.13783,339.458,-1
0.277994,1012.04,-1
0.11584,163.503,-1
0.16271,434.26,-1
0.13516,60.8498,-1
0.18632,812.257,-1
0.187374,545.506,-1
0.173604,448.455,-1
0.292923,908.722,-1
0.313081,1048.11,-1
0.28966,780.437,-1
0.320051,1164.69,-1
0.264168,901.477,-1
0.147643,240.991,-1
0.226906,545.796,-1
0.117448,52.8983,-1
0.272232,943.906,-1
0.216026,566.498,-1
0.223738,789.466,-1
0.254111,833.184,-1
0.331001,1197.19,-1
0.316893,1132.44,-1
0.182583,156.908,-1
0.190148,378.116,-1
0.273114,916.178,-1
0.273305,240.46,-1
0.18466,296.611,-1
0.194991,253.387,-1
0.11383,242.738,-1
0.231133,800.718,-1
0.207281,601.274,-1
0.190231,247.599,-1
0.108322,147.807,-1
0.203634,466.749,-1
0.184341,174.475,-1
0.175548,522.311,-1
0.200191,220.999,-1
0.306285,1120.99,-1
0.233703,734.72,-1
0.108718,153.622,-1
0.206362,572.497,-1
0.199424,195.394,-1
0.228275,656.099,-1
0.187591,462.75,-1
0.225082,863.011,-1
0.15557,106.157,-1
0.178387,293.711,-1
0.21471,435.652,-1
0.227369,817.496,-1
0.20484,146.261,-1
0.243048,392.232,-1
0.203847,110.876,-1
0.238779,521.917,-1
0.133929,112.27,-1
0.206005,1056.98,-1
0.123244,284.825,-1
0.184875,870.339,-1
0.168671,156.536,-1
0.114725,252.696,-1
0.0514538,35.3456,-1
0.167327,348.54,-1
0.247364,511.018,-1
0.240996,495.449,-1
0.185475,661.647,-1
0.188592,442.677,-1
0.144306,98.3592,-1
0.235777,606.113,-1
0.171529,529.447,-1
0.268964,966.22,-1
0.219393,1006.04,-1
0.0712882,72.54,-1
0.122739,250.827,-1
0.194637,610.796,-1
0.203525,903.138,-1
0.179251,354.104,-1
0.156772,658.652,-1
0.153417,310.565,-1
0.200996,876.19,-1
0.217393,414.647,-1
0.118858,115.107,-1
0.163263,953.604,-1
0.103207,251.881,-1
0.266978,1011.79,-1
0.10907,233.919,-1
0.16826,366.588,-1
0.102446,187.956,-1
0.163864,785.235,-1
0.15725,525.265,-1
0.190252,390.678,-1
0.11504,216.813,-1
0.218688,818.492,-1
0.121665,123.163,-1
0.1659,173.956,-1
0.259273,247.365,-1
0.165057,281.9,-1
0.187548,283.055,-1
0.285246,1265,-1
0.242371,480.036,-1
0.281911,1076.91,-1
0.161324,106.756,-1
0.217553,483.655,-1
0.227131,272.022,-1
0.273948,580.882,-1
0.125455,255.501,-1
0.140459,262.256,-1
0.273416,869.296,-1
0.27742,665.724,-1
0.143554,214.395,-1
0.256641,792.167,-1
0.260408,753.714,-1
0.345055,1199.74,-1
0.313007,1232.23,-1
0.215678,327.459,-1
0.245737,422.759,-1
0.29571,843.323,-1
0.289206,1126.63,-1
0.272283,582.275,-1
0.264141,879.633,-1
0.258611,553.678,-1
0.28989,1112.44,-1
0.105649,159.854,-1
0.231171,296.857,-1
0.275258,1169.07,-1
0.22584,492.534,-1
0.334422,1219.41,-1
0.23191,370.357,-1
0.254105,603.256,-1
0.209098,165.179,-1
0.284555,1008.11,-1
0.257635,740.608,-1
0.284482,623.287,-1
0.258387,221.416,-1
0.305632,1024.03,-1
0.212578,262.399,-1
0.253554,397.136,-1
0.255079,585.78,-1
0.265915,271.546,-1
0.254494,716.227,-1
0.21722,381.234,-1
0.207038,762.59,-1
0.145267,74.2329,-1
0.139357,575.867,-1
0.217138,427.718,-1
0.153583,43.5391,-1
0.16279,266.322,-1
0.263718,412.199,-1
0.27744,729.962,-1
0.25664,684.778,-1
0.127584,367.313,-1
0.0943764,149.39,-1
0.205074,392.104,-1
0.251172,320.519,-1
0.0818964,237.305,-1
0.253963,681.458,-1
0.181119,716.429,-1
0.191563,281.136,-1
0.150111,130.978,-1
0.135329,324.795,-1
0.174373,612.017,-1
0.0645483,63.7729,-1
0.0891148,365.803,-1
0.096265,69.7963,-1
0.169488,593.873,-1
0.257419,641.328,-1
0.187356,221.711,-1
0.150131,660.048,-1
0.176883,61.5953,-1
0.248739,717.359,-1
0.132544,192.745,-1
0.0822381,90.1948,-1
0.198857,371.74,-1
0.150957,493.542,-1
0.12951,230.812,-1
0.0597851,105.614,-1
0.175138,344.175,-1
0.202564,524.082,-1
0.184851,294.477,-1
0.269426,518.567,-1
0.300702,1132.75,-1
0.300782,1294.04,-1
0.292869,1005.47,-1
0.310522,1415.1,-1
0.28143,1093.19,-1
0.204128,152.021,-1
0.250702,773.789,-1
0.146349,221.634,-1
0.28115,1164.1,-1
0.228193,775.031,-1
0.23612,1000.44,-1
0.247373,962.375,-1
0.332046,1442.96,-1
0.320016,1382.76,-1
0.170402,394.744,-1
0.198542,587.503,-1
0.27922,1119.58,-1
0.309636,497.207,-1
0.207487,499.362,-1
0.224183,78.3382,-1
0.104689,21.9776,-1
0.251231,994.506,-1
0.266291,834.363,-1
0.200338,414.654,-1
0.130203,127.952,-1
0.215205,673.627,-1
0.194356,373.336,-1
0.200734,715.639,-1
0.178324,164.087,-1
0.311812,1362.18,-1
0.243449,956.821,-1
0.161207,120.169,-1
0.227971,773.488,-1
0.223241,152.091,-1
0.246764,893.727,-1
0.214771,658.782,-1
0.250365,1097.34,-1
0.178387,245.079,-1
0.204709,512.829,-1
0.212696,635.079,-1
0.258494,1057.18,-1
0.148745,264.602,-1
0.237941,1025.37,-1
0.317285,1252.65,-1
0.204691,736.387,-1
0.211661,308.857,-1
0.248512,547.286,-1
0.212364,223.912,-1
0.236225,679.279,-1
0.151828,207.451,-1
0.221578,932.582,-1
0.112195,230.332,-1
0.177681,750.355,-1
0.182336,321.953,-1
0.106116,155.773,-1
0.0968912,159.607,-1
0.186691,245.722,-1
0.263899,673.381,-1
0.248118,651.219,-1
0.166749,546.934,-1
0.191441,324.649,-1
0.155459,242.99,-1
0.255724,514.385,-1
0.169476,404.198,-1
0.258449,822.26,-1
0.217864,867.676,-1
0.0950776,111.8,-1
0.14958,236.717,-1
0.198798,473.649,-1
0.201377,768.279,-1
0.165811,239.149,-1
0.158002,531.4,-1
0.155749,178.414,-1
0.195431,730.844,-1
0.225966,577.509,-1
0.10465,185.843,-1
0.17517,824.683,-1
0.115887,136.497,-1
0.263744,888.37,-1
0.124408,262.433,-1
0.176768,237.925,-1
0.127317,329.741,-1
0.180486,652.946,-1
0.167493,409.817,-1
0.185201,265.266,-1
0.14409,336.035,-1
0.214696,700.612,-1
0.0961389,165.419,-1
0.225932,427.635,-1
0.173563,196.859,-1
0.22358,885.916,-1
0.176332,34.3507,1
0.307056,704.975,1
0.368581,730.151,1
0.299992,697.811,1
0.373967,561.892,1
0.251785,194.505,1
0.387153,555.367,1
0.367057,568.392,1
0.335807,708.208,1
0.326944,680.501,1
0.247373,292.717,1
0.283639,206.589,1
0.158718,23.4562,1
0.190492,52.1529,1
0.255634,247.869,1
0.291419,694.492,1
0.106547,15.5744,1
0.29406,276.918,1
0.268435,335.782,1
0.284344,699.316,1
0.249487,231.971,1
0.230719,232.456,1
0.264752,281.806,1
0.288681,224.746,1
0.19026,121.417,1
0.351821,721.375,1
0.26125,18.0095,1
0.287674,43.1643,1
0.198549,31.166,1
0.328131,132.032,1
0.253428,493.576,1
0.354973,134.553,1
0.335421,122.547,1
0.287433,33.1907,1
0.233242,7.68025,1
0.240237,412.317,1
0.258933,482.545,1
0.301215,663.646,1
0.255287,732.143,1
0.25772,452.539,1
0.262334,10.9497,1
0.297937,671.946,1
0.256382,433.733,1
0.226944,351.276,1
0.197119,12.5611,1
0.280784,461.933,1
0.274517,464.91,1
0.269505,420.827,1
0.2764,470.145,1
0.265243,569.867,1
0.309194,687.039,1
0.28549,1118.2,-1
0.296714,1304.63,-1
0.300871,995.18,-1
0.304175,1431.62,-1
0.268739,1049.05,-1
0.191831,321.867,-1
0.22374,775.105,-1
0.130648,334.538,-1
0.265815,1144.79,-1
0.221923,757.321,-1
0.238536,976.079,-1
0.249205,877.314,-1
0.317433,1451.4,-1
0.314361,1399.52,-1
0.15417,439.79,-1
0.180823,583.561,-1
0.264947,1084.96,-1
0.299596,551.801,-1
0.177427,499.855,-1
0.219211,116.485,-1
0.134376,176.86,-1
0.236455,954.962,-1
0.228725,838.722,-1
0.187327,404.399,-1
0.13576,215.98,-1
0.185261,660.574,-1
0.169361,394.295,-1
0.167226,688.369,-1
0.171258,149.033,-1
0.300103,1364.77,-1
0.228271,944.865,-1
0.144965,260.027,-1
0.220705,749.224,-1
0.20432,315.552,-1
0.231479,901.404,-1
0.183722,637.706,-1
0.228773,1095.48,-1
0.162432,287.549,-1
0.16939,525.006,-1
0.194601,618.656,-1
0.248504,1063.05,-1
0.148444,358.842,-1
0.22783,996.429,-1
0.305228,1240.91,-1
0.177629,724.208,-1
0.119972,170.372,-1
0.214835,843.358,-1
0.345673,649.642,1
0.27952,90.758,1
0.337585,115.331,1
0.29856,91.7766,1
0.147587,60.5878,1
0.362457,421.492,1
0.218512,61.8103,1
0.130564,50.1592,1
0.266799,99.9231,1
0.266266,65.7348,1
0.349923,339.565,1
0.372973,410.295,1
0.343644,591.908,1
0.322956,659.997,1
0.365838,379.769,1
0.302311,81.6815,1
0.349944,600.167,1
0.356494,361.027,1
0.370189,279.6,1
0.303305,84.5864,1
0.345556,389.321,1
0.362925,392.199,1
0.381138,348.046,1
0.353796,397.51,1
0.333363,497.604,1
0.36728,615.331,1
0.337802,72.7851,1
0.206725,104.504,1
0.288614,636.194,1
0.341667,661.266,1
0.24891,629.827,1
0.323707,492.043,1
0.234405,124.724,1
0.333706,485.848,1
0.318911,498.804,1
0.31573,640.101,1
0.255418,611.579,1
0.227949,221.826,1
0.254667,136.332,1
0.203584,47.9505,1
0.156529,114.136,1
0.227783,176.967,1
0.256413,625.889,1
0.189033,55.3811,1
0.274558,206.369,1
0.255153,267.098,1
0.239988,630.425,1
0.22792,161.076,1
0.204493,161.508,1
0.239628,210.884,1
0.264458,153.803,1
0.176625,50.4687,1
0.169398,70.9538,1
0.2593,618.222,1
0.340654,546.202,1
0.258352,612.493,-1
0.263761,797.456,-1
0.246317,487.598,-1
0.262431,926.014,-1
0.239063,570.988,-1
0.200701,567.545,-1
0.145434,268.284,-1
0.12682,387.963,-1
0.228954,641.589,-1
0.169468,251.636,-1
0.159249,475.87,-1
0.253439,498.844,-1
0.290899,943.403,-1
0.264727,894.136,-1
0.0997197,196.523,-1
0.0691218,80.5943,-1
0.215766,594.583,-1
0.231817,218.808,-1
0.0477843,53.8481,-1
0.249996,466.954,-1
0.173055,505.979,-1
0.205326,471.154,-1
0.150742,332.332,-1
0.0999343,110.563,-1
0.151055,404.179,-1
0.0596417,152.31,-1
0.0504833,167.293,-1
0.0595276,190.815,-1
0.158213,378.32,-1
0.262316,856.208,-1
0.192913,437.615,-1
0.124937,459.246,-1
0.176447,248.375,-1
0.239201,523.672,-1
0.149396,395.726,-1
0.0670567,133.685,-1
0.196032,586.893,-1
0.132259,287.727,-1
0.0921674,87.3466,-1
0.0634702,111.237,-1
0.161237,555.48,-1
0.185904,340.404,-1
0.177414,500.238,-1
0.278803,734.406,-1
0.0803174,216.08,-1
0.203154,525.165,-1
0.177112,365.438,-1
0.187044,508.588,-1
0.207017,198.691,-1
0.240198,447.377,-1
0.242212,175.6,-1
0.2428,574.35,-1
0.161229,69.2777,-1
0.19863,1068.29,-1
0.085903,317.279,-1
0.141495,883.665,-1
0.177693,197.562,-1
0.0886493,268.498,-1
0.0829371,94.0371,-1
0.179085,287.546,-1
0.268093,557.817,-1
0.249263,549.306,-1
0.166826,676.891,-1
0.16781,454.65,-1
0.144829,100.706,-1
0.236372,631.135,-1
0.141934,538.598,-1
0.250076,964.94,-1
0.204099,1008.76,-1
0.106624,32.8747,-1
0.114818,294.06,-1
0.172136,613.552,-1
0.187209,908.014,-1
0.143467,366.089,-1
0.138768,667.4,-1
0.135937,313.398,-1
0.19853,873.789,-1
0.233276,461.308,-1
0.118903,171.262,-1
0.136843,962.166,-1
0.103095,260.266,-1
0.24752,1023.57,-1
0.0910092,287.575,-1
0.163321,372.269,-1
0.127855,251.499,-1
0.172081,791.47,-1
0.167054,539.284,-1
0.158397,398.366,-1
0.131867,282.63,-1
0.200794,832.763,-1
0.0807414,65.8628,-1
0.228766,303.765,-1
0.154752,311.965,-1
0.217416,1027.37,-1
0.0896347,144.169,-1
0.197101,987.507,-1
0.14596,503.902,-1
0.224835,551.714,-1
0.241328,697.471,-1
0.231954,423.625,-1
0.230351,819.332,-1
0.175067,565.076,-1
0.197733,598.698,-1
0.0970936,189.94,-1
0.150842,410.622,-1
0.191971,587.859,-1
0.0887451,229.325,-1
0.0953539,439.84,-1
0.191636,577.262,-1
0.257099,846.416,-1
0.238996,787.006,-1
0.142104,204.283,-1
0.149207,99.186,-1
0.15475,569.653,-1
0.217349,135.294,-1
0.10943,133.094,-1
0.258994,554.063,-1
0.211612,575.243,-1
0.122741,465.907,-1
0.110423,243.547,-1
0.163666,224.809,-1
0.185799,468.689,-1
0.136679,149.135,-1
0.113975,228.196,-1
0.129883,216.453,-1
0.193992,475.948,-1
0.220627,766.682,-1
0.133545,379.293,-1
0.153687,504.609,-1
0.0966559,245.315,-1
0.25107,553.102,-1
0.0992051,299.232,-1
0.145973,169.237,-1
0.122729,505.641,-1
0.161863,352.669,-1
0.13368,98.0568,-1
0.141878,146.043,-1
0.129632,461.933,-1
0.20645,357.735,-1
0.0953805,471.303,-1
0.228794,666.304,-1
0.137151,186.138,-1
0.229145,596.569,-1
0.104296,381.812,-1
0.203498,620.158,-1
0.119428,161.265,-1
0.0601649,495.89,-1
0.232467,252.978,-1
0.251963,419.592,-1
0.257529,125.838,-1
0.258475,549.558,-1
0.182418,311.366,-1
0.241164,897.733,-1
0.0971569,113.464,-1
0.174688,709.595,-1
0.20138,290.528,-1
0.136878,146.993,-1
0.121163,165.605,-1
0.223391,463.534,-1
0.278476,564.994,-1
0.258021,518.048,-1
0.198132,501.775,-1
0.167924,303.883,-1
0.178449,293.076,-1
0.269024,428.008,-1
0.166183,390.582,-1
0.289197,837.177,-1
0.227572,866.516,-1
0.148642,230.974,-1
0.114384,56.4,-1
0.190814,483.493,-1
0.205078,760.484,-1
0.157779,228.257,-1
0.159839,513.889,-1
0.14406,223.445,-1
0.202376,752.095,-1
0.244051,478.41,-1
0.144551,88.7088,-1
0.192641,801.632,-1
0.149243,170.318,-1
0.271926,852.136,-1
0.0875926,44.3282,-1
0.1519,256.968,-1
0.152492,210.396,-1
0.189307,642.228,-1
0.20619,374.412,-1
0.162341,270.816,-1
0.142895,177.644,-1
0.218253,656.742,-1
0.130136,200.922,-1
0.254268,367.521,-1
0.149623,166.781,-1
0.249035,887.223,-1
0.138483,218.105,-1
0.222752,886.66,-1
0.169655,378.413,-1
0.11193,250.028,-1
0.1379,299.173,-1
0.138707,102.451,-1
0.180956,350.956,-1
0.258312,126.061,-1
0.185999,477.441,-1
0.15688,105.071,-1
0.242036,1111.65,-1
0.169744,333.462,-1
0.211315,924.543,-1
0.110928,102.315,-1
0.169288,308.261,-1
0.140389,82.9884,-1
0.243416,383.035,-1
0.199949,461.626,-1
0.176544,452.527,-1
0.211739,715.543,-1
0.204026,498.136,-1
0.116396,56.0088,-1
0.2187,656.204,-1
0.184733,585.372,-1
0.301113,1023.7,-1
0.26852,1062.85,-1
0.165817,118.414,-1
0.172867,292.927,-1
0.222578,667.886,-1
0.235454,959.568,-1
0.204522,409.924,-1
0.183723,714.44,-1
0.190243,368.195,-1
0.238282,933.843,-1
0.171962,365.067,-1
0.183638,150.543,-1
0.204296,1009.12,-1
0.180874,308.991,-1
0.293345,1066.35,-1
0.14418,265.746,-1
0.192817,423.645,-1
0.187519,166.415,-1
0.219329,841.463,-1
0.216724,579.884,-1
0.201654,447.294,-1
0.186147,209.447,-1
0.258389,872.451,-1
0.149749,58.2267,-1
0.17465,209.072,-1
0.192063,349.197,-1
0.276683,1082.3,-1
0.16543,221.638,-1
0.267501,1054.59,-1
0.198416,557.329,-1
0.136121,96.9179,-1
0.143113,522.17,-1
0.177597,239.247,-1
0.266151,564.493,-1
0.272817,760.923,-1
0.238275,442.579,-1
0.270872,891.378,-1
0.223496,511.145,-1
0.212116,630.432,-1
0.163728,238.573,-1
0.154106,452.131,-1
0.221328,591.301,-1
0.17746,204.244,-1
0.170163,423.318,-1
0.264238,435.541,-1
0.287056,904.687,-1
0.272715,859.894,-1
0.115987,260.284,-1
0.0840213,85.6112,-1
0.215232,537.996,-1
0.251047,270.687,-1
0.0734195,114.563,-1
0.268492,520.974,-1
0.189608,563.78,-1
0.196077,412.153,-1
0.14863,301.678,-1
0.113279,169.29,-1
0.157739,463.888,-1
0.0766494,114.875,-1
0.0795764,231.353,-1
0.0660101,135.25,-1
0.179124,430.619,-1
0.262769,815.232,-1
0.191624,392.061,-1
0.138201,521.197,-1
0.173896,195.646,-1
0.247694,586.874,-1
0.146274,365.036,-1
0.0482414,85.3844,-1
0.198624,545.728,-1
0.137162,349.017,-1
0.105612,139.17,-1
0.0680951,73.3371,-1
0.164832,519.342,-1
0.186361,404.894,-1
0.176572,445.608,-1
0.270256,687.311,-1
0.0909654,175.174,-1
0.21745,582.359,-1
0.184258,304.391,-1
0.194677,553.749,-1
0.0606086,64.5831,-1
0.164357,445.013,-1
0.14593,184.439,-1
0.152951,341.848,-1
0.206675,503.36,-1
0.307,1173.77,-1
0.31307,1358.28,-1
0.309548,1050.37,-1
0.333411,1484.73,-1
0.28439,1105.59,-1
0.221826,318.462,-1
0.251859,828.985,-1
0.166749,361.886,-1
0.279,1200.65,-1
0.226576,812.728,-1
0.248351,1032.08,-1
0.258518,932.357,-1
0.342366,1505.36,-1
0.330644,1452.57,-1
0.162031,485.622,-1
0.196379,637.411,-1
0.275233,1141.37,-1
0.313425,596.876,-1
0.195303,552.846,-1
0.224712,139.424,-1
0.130371,181.261,-1
0.248532,1011.44,-1
0.255771,892.428,-1
0.21286,457.897,-1
0.146208,245.082,-1
0.210681,715.462,-1
0.185533,443.64,-1
0.185885,744.236,-1
0.163678,195.67,-1
0.324915,1419.22,-1
0.247349,1000.12,-1
0.166232,275.837,-1
0.220839,805.013,-1
0.234289,320.222,-1
0.254066,954.88,-1
0.205548,693.121,-1
0.248889,1150.11,-1
0.165499,330.935,-1
0.18729,576.743,-1
0.216778,673.7,-1
0.263486,1116.94,-1
0.166849,392.17,-1
0.237029,1052.63,-1
0.317448,1296.38,-1
0.198562,779.164,-1
0.109401,168.387,-1
0.216995,899.856,-1
0.090506,56.5536,-1
0.197909,563.288,-1
0.223445,1044,-1
0.224792,670.864,-1
0.249916,940.922,-1
0.277808,1110.77,-1
0.208687,609.441,-1
0.156148,151.689,-1
0.108369,97.7719,-1
0.253488,236.971,-1
0.11461,228.959,-1
0.191061,348.637,-1
0.271262,1220.53,-1
0.220516,448.986,-1
0.252677,1033.53,-1
0.157432,165.998,-1
0.21886,471.424,-1
0.205953,291.138,-1
0.275678,637.163,-1
0.143763,230.571,-1
0.1081,201.319,-1
0.254782,829.645,-1
0.25935,640.189,-1
0.164178,279.873,-1
0.214337,743.323,-1
0.246489,726.455,-1
0.339192,1172.52,-1
0.294294,1199.33,-1
0.219001,366.348,-1
0.233358,386.629,-1
0.267005,819.83,-1
0.267592,1092.9,-1
0.249585,563.106,-1
0.239139,847.632,-1
0.236361,546.399,-1
0.283714,1088.19,-1
0.115476,142.147,-1
0.222197,286.616,-1
0.261242,1129.81,-1
0.218607,486.303,-1
0.322218,1175.1,-1
0.221606,326.668,-1
0.235907,589.071,-1
0.208937,129.075,-1
0.265286,975.36,-1
0.242477,708.222,-1
0.251677,605.479,-1
0.233611,163.476,-1
0.295094,980.754,-1
0.207419,294.464,-1
0.136512,106.016,-1
0.250432,500.037,-1
0.29266,1220.36,-1
0.220575,450.321,-1
0.291181,1222.92,-1
0.249954,714.433,-1
0.221742,350.158,-1
0.218811,625.405,-1
0.242126,336.369,-1
0.162017,254.137,-1
0.249015,674.45,-1
0.308427,1277.27,-1
0.252189,841.761,-1
0.271992,982.378,-1
0.238825,713.482,-1
0.266752,1099.84,-1
0.216869,836.686,-1
0.183419,307.973,-1
0.173532,478.861,-1
0.110808,119.848,-1
0.230592,877.019,-1
0.153433,500.828,-1
0.14581,723.133,-1
0.23879,778.201,-1
0.297223,1131.49,-1
0.266791,1067.55,-1
0.109281,90.9527,-1
0.131596,313.453,-1
0.208474,850.26,-1
0.237764,176.468,-1
0.101372,234.53,-1
0.246723,299.215,-1
0.175975,299.854,-1
0.17001,735.928,-1
0.182971,534.307,-1
0.131153,198.266,-1
0.154786,197.58,-1
0.129036,401.729,-1
0.0848861,121.316,-1
0.118867,458.789,-1
0.15006,248.869,-1
0.261677,1054.7,-1
0.177202,667.855,-1
0.131915,217.251,-1
0.149406,507.646,-1
0.23784,262.377,-1
0.176571,589.31,-1
0.129565,399.314,-1
0.183562,796.157,-1
0.111671,112.363,-1
0.0960105,228.532,-1
0.129622,371.944,-1
0.182127,750.937,-1
0.16037,66.983,-1
0.161469,752.424,-1
0.27189,957.065,-1
0.125282,458.183,-1
0.202971,321.826,-1
0.1594,637.203,-1
0.166716,395.169,-1
0.111795,281.208,-1
0.153357,767.808,-1
0.138184,290.778,-1
0.174898,589.76,-1
0.20161,806.106,-1
0.121962,345.744,-1
0.195598,434.451,-1
0.247422,914.265,-1
0.197024,236.356,-1
0.243117,472.159,-1
0.228413,149.523,-1
0.242891,604.318,-1
0.164802,173.686,-1
0.201555,966.327,-1
0.0967163,215.906,-1
0.156007,780.934,-1
0.181333,253.186,-1
0.110616,164.261,-1
0.0840171,85.8908,-1
0.175049,304.058,-1
0.26307,599.72,-1
0.246357,576.095,-1
0.171006,573.487,-1
0.171646,351.85,-1
0.152388,189.728,-1
0.244148,526.772,-1
0.15041,436.994,-1
0.255734,869.479,-1
0.207199,910.814,-1
0.104848,74.7698,-1
0.123061,201.707,-1
0.175646,515.242,-1
0.18411,808.817,-1
0.159046,263.038,-1
0.133143,566.152,-1
0.132515,214.214,-1
0.191232,779.053,-1
0.225969,504.212,-1
0.111502,115.759,-1
0.156068,861.241,-1
0.119007,157.921,-1
0.251499,921.419,-1
0.095295,210.881,-1
0.156871,271.791,-1
0.139609,254.455,-1
0.176176,691.495,-1
0.173716,436.04,-1
0.165485,297.034,-1
0.124635,262.827,-1
0.204112,729.726,-1
0.103452,98.829,-1
0.240755,357.181,-1
0.162863,207.657,-1
0.214361,929.852,-1
0.0845158,75.3226,-1
0.202985,897.951,-1
0.150805,404.883,-1
0.0523483,104.416,-1
0.0764371,391.558,-1
0.116438,168.014,-1
0.141819,157.04,-1
0.172309,348.512,-1
0.228036,954.207,-1
0.216108,375.383,-1
0.148473,664.438,-1
0.358509,800.607,1
0.314025,99.5065,1
0.362395,91.1839,1
0.281444,84.1301,1
0.410688,234.988,1
0.346437,576.864,1
0.398122,233.597,1
0.401305,223.72,1
0.353038,78.8487,1
0.31425,119.339,1
0.320589,506.061,1
0.343397,567.067,1
0.347312,743.298,1
0.316042,813.941,1
0.351659,543.282,1
0.306059,101.01,1
0.358701,751.779,1
0.336239,528.13,1
0.332516,434.614,1
0.302097,106.319,1
0.330449,549.836,1
0.29561,554.153,1
0.324619,513.486,1
0.364895,558.236,1
0.323059,653.635,1
0.323258,766.359,1
0.3473,111.959,1
0.399078,174.766,1
0.30184,699.926,1
0.249852,199.262,1
0.278964,546.878,1
0.322423,571.666,1
0.231859,542.23,1
0.337121,400.588,1
0.187887,43.6447,1
0.351348,395.239,1
0.333255,407.986,1
0.286331,552.214,1
0.262439,522.013,1
0.195895,126.507,1
0.19768,49.3716,1
0.226999,143.305,1
0.17923,205.439,1
0.273238,81.6702,1
0.273596,536.983,1
0.204131,150.644,1
0.224588,111.276,1
0.223303,180.717,1
0.236895,540.882,1
0.203206,67.3292,1
0.20722,66.4759,1
0.188849,115.634,1
0.247577,59.4748,1
0.169139,45.0224,1
0.197699,166.212,1
0.256792,528.869,1
0.336571,456.34,1
0.159573,95.3559,1
0.294289,615.243,1
0.299919,340.206,1
0.312801,404.728,1
0.388511,429.339,1
0.286724,401.245,1
0.37164,257.725,1
0.131291,112.824,1
0.370505,252.656,1
0.363644,265.3,1
0.311384,410.983,1
0.334949,379.763,1
0.154223,38.7109,1
0.136732,100.029,1
0.247081,282.966,1
0.219798,348.061,1
0.177315,66.7593,1
0.315694,395.09,1
0.224961,290.852,1
0.162222,59.2167,1
0.106791,53.93,1
0.270124,398.618,1
0.207583,75.5902,1
0.18314,78.2025,1
0.128105,40.6275,1
0.195083,83.6263,1
0.208631,185.787,1
0.258037,306.348,1
0.24283,386.724,1
0.368588,314.032,1
0.23987,235.724,1
0.335352,476.543,1
0.213083,142.909,1
